ubica_geo,tamloc_mediana,grado_marginacion,grado_marg,tam_mun,ubica_geo_int
01001,2,Muy bajo,5,2,1
01002,1.5,Bajo,4,1,2
01003,2,Bajo,4,2,3
01004,1.5,Bajo,4,1,4
01005,2,Muy bajo,5,2,5
01006,2,Muy bajo,5,2,6
01007,2,Bajo,4,2,7
01008,1.5,Bajo,4,1,8
01009,1.5,Bajo,4,1,9
01010,1.5,Bajo,4,1,10
01011,2,Muy bajo,5,2,11
02001,2.5,Muy bajo,5,2,12
02002,2.5,Muy bajo,5,2,13
02003,2,Muy bajo,5,2,14
02004,2.5,Muy bajo,5,2,15
02005,2,Muy bajo,5,2,16
03001,2,Bajo,4,2,17
03002,1.5,Bajo,4,1,18
03003,2,Muy bajo,5,2,19
03008,2.5,Muy bajo,5,2,20
03009,1.5,Muy bajo,5,1,21
04001,1.5,Medio,3,1,22
04002,2,Muy bajo,5,2,23
04003,2,Muy bajo,5,2,24
04004,2,Medio,3,2,25
04005,1.5,Medio,3,1,26
04006,1.5,Alto,2,1,27
04007,1.5,Alto,2,1,28
04008,1.5,Medio,3,1,29
04009,2,Medio,3,2,30
04010,1.5,Alto,2,1,31
04011,1.5,Alto,2,1,32
05001,1,Bajo,4,1,33
05002,3,Muy bajo,5,3,34
05003,2,Muy bajo,5,2,35
05004,1.5,Bajo,4,1,36
05005,1,Bajo,4,1,37
05006,2,Muy bajo,5,2,38
05007,1.5,Bajo,4,1,39
05008,1,Bajo,4,1,40
05009,2,Bajo,4,2,41
05010,2.5,Muy bajo,5,2,42
05011,1.5,Bajo,4,1,43
05012,1,Bajo,4,1,44
05013,1,Bajo,4,1,45
05014,1.5,Medio,3,1,46
05015,1,Medio,3,1,47
05016,1,Bajo,4,1,48
05017,2,Muy bajo,5,2,49
05018,3,Muy bajo,5,3,50
05019,1.5,Muy bajo,5,1,51
05020,2,Muy bajo,5,2,52
05021,1.5,Muy bajo,5,1,53
05022,2,Muy bajo,5,2,54
05023,1.5,Medio,3,1,55
05024,2,Bajo,4,2,56
05025,3,Muy bajo,5,3,57
05026,1,Bajo,4,1,58
05027,2.5,Muy bajo,5,2,59
05028,2,Muy bajo,5,2,60
05029,1,Muy bajo,5,1,61
05030,3,Muy bajo,5,3,62
05031,2,Muy bajo,5,2,63
05032,2,Muy bajo,5,2,64
05033,2,Bajo,4,2,65
05034,1.5,Bajo,4,1,66
05035,2,Muy bajo,5,2,67
05036,1.5,Medio,3,1,68
05037,1.5,Muy bajo,5,1,69
05038,1.5,Muy bajo,5,1,70
06001,2,Medio,3,2,71
06002,3,Muy bajo,5,3,72
06003,1.5,Bajo,4,1,73
06004,1.5,Bajo,4,1,74
06005,1.5,Muy bajo,5,1,75
06006,1.5,Medio,3,1,76
06007,2,Muy bajo,5,2,77
06008,1.5,Bajo,4,1,78
06009,2,Bajo,4,2,79
06010,3,Muy bajo,5,3,80
07001,1.5,Alto,2,1,81
07002,1.5,Alto,2,1,82
07003,1.5,Alto,2,1,83
07004,1.5,Muy alto,1,1,84
07005,1.5,Muy alto,1,1,85
07006,1.5,Alto,2,1,86
07007,1.5,Muy alto,1,1,87
07008,1.5,Alto,2,1,88
07009,2,Medio,3,2,89
07010,1,Muy alto,1,1,90
07011,1,Alto,2,1,91
07012,2,Alto,2,2,92
07013,1.5,Alto,2,1,93
07014,1.5,Muy alto,1,1,94
07015,2,Alto,2,2,95
07016,1.5,Medio,3,1,96
07017,2,Medio,3,2,97
07018,1.5,Alto,2,1,98
07019,2.5,Medio,3,2,99
07020,1.5,Alto,2,1,100
07021,1.5,Alto,2,1,101
07022,1,Muy alto,1,1,102
07023,1.5,Muy alto,1,1,103
07024,1.5,Muy alto,1,1,104
07025,1.5,Alto,2,1,105
07026,1.5,Muy alto,1,1,106
07027,2,Medio,3,2,107
07028,1.5,Alto,2,1,108
07029,1.5,Alto,2,1,109
07030,1.5,Alto,2,1,110
07031,1.5,Muy alto,1,1,111
07032,1.5,Alto,2,1,112
07033,1,Alto,2,1,113
07034,2,Alto,2,2,114
07035,1.5,Alto,2,1,115
07036,1,Alto,2,1,116
07037,1.5,Alto,2,1,117
07038,1,Alto,2,1,118
07039,1.5,Muy alto,1,1,119
07040,2,Alto,2,2,120
07041,1.5,Alto,2,1,121
07042,1.5,Alto,2,1,122
07043,1.5,Alto,2,1,123
07044,1.5,Alto,2,1,124
07045,1,Muy alto,1,1,125
07046,1.5,Alto,2,1,126
07047,1.5,Alto,2,1,127
07048,1.5,Medio,3,1,128
07049,1,Alto,2,1,129
07050,1,Alto,2,1,130
07051,2,Alto,2,2,131
07052,2,Muy alto,1,2,132
07053,1,Alto,2,1,133
07054,1.5,Alto,2,1,134
07055,1.5,Medio,3,1,135
07056,1,Muy alto,1,1,136
07057,2,Alto,2,2,137
07058,2,Muy alto,1,2,138
07059,2,Muy alto,1,2,139
07060,1.5,Muy alto,1,1,140
07061,2,Alto,2,2,141
07062,1.5,Alto,2,1,142
07063,1,Medio,3,1,143
07064,1.5,Muy alto,1,1,144
07065,2,Alto,2,2,145
07066,1.5,Muy alto,1,1,146
07067,1,Muy alto,1,1,147
07068,1.5,Alto,2,1,148
07069,2,Alto,2,2,149
07070,1,Alto,2,1,150
07071,1.5,Alto,2,1,151
07072,1.5,Alto,2,1,152
07073,1.5,Alto,2,1,153
07074,2,Bajo,4,2,154
07075,2,Muy alto,1,2,155
07076,1.5,Muy alto,1,1,156
07077,1.5,Muy alto,1,1,157
07078,3,Bajo,4,3,158
07079,1.5,Alto,2,1,159
07080,1.5,Muy alto,1,1,160
07081,1.5,Muy alto,1,1,161
07082,1,Muy alto,1,1,162
07083,1.5,Alto,2,1,163
07084,1,Alto,2,1,164
07085,1.5,Alto,2,1,165
07086,2,Medio,3,2,166
07087,1.5,Alto,2,1,167
07088,1,Alto,2,1,168
07089,2,Bajo,4,2,169
07090,1,Alto,2,1,170
07091,1.5,Medio,3,1,171
07092,1.5,Alto,2,1,172
07093,1.5,Muy alto,1,1,173
07094,2,Alto,2,2,174
07096,1.5,Muy alto,1,1,175
07097,2,Medio,3,2,176
07098,1.5,Muy alto,1,1,177
07099,1.5,Alto,2,1,178
07100,1.5,Muy alto,1,1,179
07101,2,Muy bajo,5,2,180
07102,1.5,Alto,2,1,181
07103,1.5,Alto,2,1,182
07104,1.5,Alto,2,1,183
07105,1.5,Alto,2,1,184
07106,2,Alto,2,2,185
07107,1.5,Alto,2,1,186
07108,2,Alto,2,2,187
07109,2,Muy alto,1,2,188
07110,1.5,Muy alto,1,1,189
07111,1.5,Muy alto,1,1,190
07112,1.5,Muy alto,1,1,191
07113,1,Alto,2,1,192
07114,1.5,Alto,2,1,193
07115,1,Muy alto,1,1,194
07116,1,Alto,2,1,195
07117,1.5,Alto,2,1,196
07118,1.5,Muy alto,1,1,197
07119,1,Muy alto,1,1,198
08001,1.5,Bajo,4,1,199
08002,2,Muy bajo,5,2,200
08003,1.5,Bajo,4,1,201
08004,1.5,Muy bajo,5,1,202
08005,1.5,Bajo,4,1,203
08006,1,Bajo,4,1,204
08007,1,Muy alto,1,1,205
08008,1,Muy alto,1,1,206
08009,1.5,Alto,2,1,207
08010,1.5,Bajo,4,1,208
08011,2,Muy bajo,5,2,209
08012,1,Alto,2,1,210
08013,1.5,Bajo,4,1,211
08014,1,Medio,3,1,212
08015,1,Bajo,4,1,213
08016,1,Bajo,4,1,214
08017,2,Muy bajo,5,2,215
08018,1,Bajo,4,1,216
08019,3,Muy bajo,5,3,217
08020,1,Muy alto,1,1,218
08021,2,Muy bajo,5,2,219
08022,1,Bajo,4,1,220
08023,1,Bajo,4,1,221
08024,1,Bajo,4,1,222
08025,1.5,Bajo,4,1,223
08026,1,Bajo,4,1,224
08027,1.5,Muy alto,1,1,225
08028,1.5,Bajo,4,1,226
08029,1.5,Muy alto,1,1,227
08030,1,Alto,2,1,228
08031,1.5,Bajo,4,1,229
08032,3,Muy bajo,5,3,230
08033,1,Alto,2,1,231
08034,1.5,Bajo,4,1,232
08035,1.5,Bajo,4,1,233
08036,2,Muy bajo,5,2,234
08037,2,Muy bajo,5,2,235
08038,1,Bajo,4,1,236
08039,1,Bajo,4,1,237
08040,2,Bajo,4,2,238
08041,1,Muy alto,1,1,239
08042,1,Bajo,4,1,240
08043,1,Bajo,4,1,241
08044,1.5,Bajo,4,1,242
08045,2,Muy bajo,5,2,243
08046,1,Muy alto,1,1,244
08047,1,Alto,2,1,245
08048,1.5,Bajo,4,1,246
08049,1,Alto,2,1,247
08050,2.5,Muy bajo,5,2,248
08051,1,Medio,3,1,249
08052,2,Muy bajo,5,2,250
08053,1,Bajo,4,1,251
08054,1,Bajo,4,1,252
08055,1.5,Bajo,4,1,253
08056,1,Medio,3,1,254
08057,1,Medio,3,1,255
08058,1,Bajo,4,1,256
08059,1.5,Muy bajo,5,1,257
08060,1.5,Muy bajo,5,1,258
08061,1,Medio,3,1,259
08062,1.5,Bajo,4,1,260
08063,1,Medio,3,1,261
08064,1,Medio,3,1,262
08065,1,Muy alto,1,1,263
08066,1,Muy alto,1,1,264
08067,1,Medio,3,1,265
09002,5,Muy bajo,5,5,266
09003,5,Muy bajo,5,5,267
09004,3,Muy bajo,5,3,268
09005,5,Muy bajo,5,5,269
09006,5,Muy bajo,5,5,270
09007,5,Muy bajo,5,5,271
09008,3,Muy bajo,5,3,272
09009,2,Bajo,4,2,273
09010,3,Muy bajo,5,3,274
09011,2.5,Muy bajo,5,2,275
09012,2.5,Muy bajo,5,2,276
09013,3,Muy bajo,5,3,277
09014,5,Muy bajo,5,5,278
09015,5,Muy bajo,5,5,279
09016,5,Muy bajo,5,5,280
09017,5,Muy bajo,5,5,281
10001,1.5,Medio,3,1,282
10002,1,Alto,2,1,283
10003,1,Alto,2,1,284
10004,1.5,Bajo,4,1,285
10005,2,Muy bajo,5,2,286
10006,1,Alto,2,1,287
10007,2,Muy bajo,5,2,288
10008,2,Bajo,4,2,289
10009,1.5,Medio,3,1,290
10010,1,Bajo,4,1,291
10011,1,Bajo,4,1,292
10012,2,Muy bajo,5,2,293
10013,1.5,Bajo,4,1,294
10014,1,Muy alto,1,1,295
10015,1.5,Medio,3,1,296
10016,1.5,Medio,3,1,297
10017,1.5,Bajo,4,1,298
10018,1.5,Bajo,4,1,299
10019,1,Muy alto,1,1,300
10020,1.5,Bajo,4,1,301
10021,1.5,Medio,3,1,302
10022,1.5,Bajo,4,1,303
10023,2,Alto,2,2,304
10024,1.5,Medio,3,1,305
10025,1,Alto,2,1,306
10026,1.5,Medio,3,1,307
10027,1,Alto,2,1,308
10028,1.5,Medio,3,1,309
10029,1,Bajo,4,1,310
10030,1,Medio,3,1,311
10031,1.5,Medio,3,1,312
10032,2,Bajo,4,2,313
10033,1.5,Medio,3,1,314
10034,1,Muy alto,1,1,315
10035,1.5,Medio,3,1,316
10036,1.5,Bajo,4,1,317
10037,1,Alto,2,1,318
10038,2,Muy bajo,5,2,319
10039,1.5,Bajo,4,1,320
11001,2,Medio,3,2,321
11002,2,Bajo,4,2,322
11003,2,Bajo,4,2,323
11004,2,Bajo,4,2,324
11005,2,Bajo,4,2,325
11006,1,Alto,2,1,326
11007,2,Muy bajo,5,2,327
11008,1.5,Medio,3,1,328
11009,2,Medio,3,2,329
11010,1.5,Medio,3,1,330
11011,2,Bajo,4,2,331
11012,1.5,Medio,3,1,332
11013,1.5,Medio,3,1,333
11014,2.5,Medio,3,2,334
11015,2.5,Muy bajo,5,2,335
11016,1.5,Bajo,4,1,336
11017,2,Muy bajo,5,2,337
11018,2,Bajo,4,2,338
11019,1.5,Alto,2,1,339
11020,2.5,Muy bajo,5,2,340
11021,2,Muy bajo,5,2,341
11022,1.5,Medio,3,1,342
11023,2,Medio,3,2,343
11024,1.5,Medio,3,1,344
11025,2,Bajo,4,2,345
11026,2,Medio,3,2,346
11027,2,Muy bajo,5,2,347
11028,2,Bajo,4,2,348
11029,1.5,Alto,2,1,349
11030,2,Medio,3,2,350
11031,2.5,Bajo,4,2,351
11032,2,Bajo,4,2,352
11033,2,Medio,3,2,353
11034,1,Alto,2,1,354
11035,2,Medio,3,2,355
11036,1.5,Medio,3,1,356
11037,2,Bajo,4,2,357
11038,1.5,Bajo,4,1,358
11039,1.5,Medio,3,1,359
11040,1,Alto,2,1,360
11041,2.5,Bajo,4,2,361
11042,2,Bajo,4,2,362
11043,1.5,Medio,3,1,363
11044,2,Bajo,4,2,364
11045,1,Alto,2,1,365
11046,2,Medio,3,2,366
12001,2,Bajo,4,2,367
12002,1.5,Muy alto,1,1,368
12003,1.5,Muy alto,1,1,369
12004,1.5,Muy alto,1,1,370
12005,1.5,Alto,2,1,371
12006,1.5,Alto,2,1,372
12007,2,Alto,2,2,373
12008,1.5,Muy alto,1,1,374
12009,1,Muy alto,1,1,375
12010,1.5,Muy alto,1,1,376
12011,2,Medio,3,2,377
12012,2,Muy alto,1,2,378
12013,1.5,Alto,2,1,379
12014,1.5,Medio,3,1,380
12015,1.5,Bajo,4,1,381
12016,1,Muy alto,1,1,382
12017,1.5,Medio,3,1,383
12018,1.5,Alto,2,1,384
12019,1.5,Muy alto,1,1,385
12020,1.5,Muy alto,1,1,386
12021,1.5,Alto,2,1,387
12022,1.5,Alto,2,1,388
12023,1.5,Alto,2,1,389
12024,1,Alto,2,1,390
12025,1.5,Muy alto,1,1,391
12026,1,Alto,2,1,392
12027,1.5,Alto,2,1,393
12028,2,Muy alto,1,2,394
12029,2,Bajo,4,2,395
12030,1.5,Alto,2,1,396
12031,1,Muy alto,1,1,397
12032,1.5,Muy alto,1,1,398
12033,1.5,Alto,2,1,399
12034,2,Medio,3,2,400
12035,2,Bajo,4,2,401
12036,1.5,Muy alto,1,1,402
12037,1.5,Alto,2,1,403
12038,2,Bajo,4,2,404
12039,1.5,Medio,3,1,405
12040,1.5,Alto,2,1,406
12041,1,Muy alto,1,1,407
12042,1.5,Muy alto,1,1,408
12043,1.5,Muy alto,1,1,409
12044,1.5,Alto,2,1,410
12045,1.5,Muy alto,1,1,411
12046,2,Alto,2,2,412
12047,1,Muy alto,1,1,413
12048,2,Medio,3,2,414
12049,1.5,Medio,3,1,415
12050,2,Bajo,4,2,416
12051,1.5,Muy alto,1,1,417
12052,1.5,Muy alto,1,1,418
12053,1.5,Alto,2,1,419
12054,1.5,Muy alto,1,1,420
12055,2,Medio,3,2,421
12056,1.5,Alto,2,1,422
12057,2,Alto,2,2,423
12058,2,Alto,2,2,424
12059,1.5,Alto,2,1,425
12060,1,Alto,2,1,426
12061,2,Alto,2,2,427
12062,1.5,Muy alto,1,1,428
12063,1,Muy alto,1,1,429
12064,1.5,Alto,2,1,430
12065,1,Muy alto,1,1,431
12066,2,Alto,2,2,432
12067,1.5,Alto,2,1,433
12068,1.5,Alto,2,1,434
12069,1.5,Muy alto,1,1,435
12070,1.5,Alto,2,1,436
12071,1.5,Muy alto,1,1,437
12072,1,Muy alto,1,1,438
12073,1.5,Muy alto,1,1,439
12074,1.5,Muy alto,1,1,440
12075,2,Alto,2,2,441
12076,1,Muy alto,1,1,442
12077,1.5,Alto,2,1,443
12078,1.5,Muy alto,1,1,444
12079,1,Muy alto,1,1,445
12080,1.5,Alto,2,1,446
12081,1,Muy alto,1,1,447
13001,1,Medio,3,1,448
13002,1.5,Alto,2,1,449
13003,2,Bajo,4,2,450
13004,1,Alto,2,1,451
13005,1.5,Bajo,4,1,452
13006,1,Medio,3,1,453
13007,1.5,Medio,3,1,454
13008,2,Bajo,4,2,455
13009,1.5,Bajo,4,1,456
13010,1.5,Muy bajo,5,1,457
13011,1,Alto,2,1,458
13012,1.5,Medio,3,1,459
13013,1.5,Muy bajo,5,1,460
13014,1.5,Alto,2,1,461
13015,1,Alto,2,1,462
13016,2,Medio,3,2,463
13017,1,Alto,2,1,464
13018,1.5,Alto,2,1,465
13019,1,Medio,3,1,466
13020,1,Alto,2,1,467
13021,1.5,Muy bajo,5,1,468
13022,1.5,Bajo,4,1,469
13023,1.5,Bajo,4,1,470
13024,1,Medio,3,1,471
13025,1.5,Muy alto,1,1,472
13026,1,Alto,2,1,473
13027,1.5,Muy alto,1,1,474
13028,2,Medio,3,2,475
13029,1.5,Bajo,4,1,476
13030,2,Bajo,4,2,477
13031,1.5,Alto,2,1,478
13032,1.5,Medio,3,1,479
13033,1,Alto,2,1,480
13034,1,Alto,2,1,481
13035,1,Medio,3,1,482
13036,1,Medio,3,1,483
13037,1.5,Alto,2,1,484
13038,1,Alto,2,1,485
13039,1.5,Muy bajo,5,1,486
13040,1,Muy alto,1,1,487
13041,2,Muy bajo,5,2,488
13042,1.5,Medio,3,1,489
13043,1,Muy alto,1,1,490
13044,1,Medio,3,1,491
13045,1,Medio,3,1,492
13046,1.5,Alto,2,1,493
13047,1,Muy alto,1,1,494
13048,2,Muy bajo,5,2,495
13049,1,Alto,2,1,496
13050,2,Muy bajo,5,2,497
13051,2,Muy bajo,5,2,498
13052,1.5,Bajo,4,1,499
13053,1.5,Alto,2,1,500
13054,1.5,Bajo,4,1,501
13055,1,Medio,3,1,502
13056,2,Bajo,4,2,503
13057,1.5,Medio,3,1,504
13058,1.5,Medio,3,1,505
13059,1.5,Medio,3,1,506
13060,1,Alto,2,1,507
13061,2,Muy bajo,5,2,508
13062,1,Alto,2,1,509
13063,2,Muy bajo,5,2,510
13064,1,Bajo,4,1,511
13065,1.5,Muy bajo,5,1,512
13066,1.5,Bajo,4,1,513
13067,1.5,Bajo,4,1,514
13068,1,Alto,2,1,515
13069,2,Muy bajo,5,2,516
13070,1.5,Bajo,4,1,517
13071,1,Muy alto,1,1,518
13072,1.5,Muy bajo,5,1,519
13073,1.5,Alto,2,1,520
13074,1.5,Bajo,4,1,521
13075,1.5,Muy bajo,5,1,522
13076,2,Muy bajo,5,2,523
13077,2,Muy bajo,5,2,524
13078,1,Muy alto,1,1,525
13079,1,Alto,2,1,526
13080,1.5,Muy alto,1,1,527
13081,2,Bajo,4,2,528
13082,1.5,Bajo,4,1,529
13083,1.5,Bajo,4,1,530
13084,1.5,Medio,3,1,531
14001,1.5,Bajo,4,1,532
14002,1.5,Muy bajo,5,1,533
14003,2,Muy bajo,5,2,534
14004,1.5,Medio,3,1,535
14005,1.5,Muy bajo,5,1,536
14006,2,Muy bajo,5,2,537
14007,1.5,Bajo,4,1,538
14008,2,Bajo,4,2,539
14009,1.5,Muy bajo,5,1,540
14010,1.5,Bajo,4,1,541
14011,1,Medio,3,1,542
14012,1,Bajo,4,1,543
14013,2,Muy bajo,5,2,544
14014,1.5,Bajo,4,1,545
14015,2,Muy bajo,5,2,546
14016,1.5,Medio,3,1,547
14017,1.5,Bajo,4,1,548
14018,2,Bajo,4,2,549
14019,1,Muy alto,1,1,550
14020,1.5,Medio,3,1,551
14021,1.5,Bajo,4,1,552
14022,2,Bajo,4,2,553
14023,2.5,Muy bajo,5,2,554
14024,1.5,Bajo,4,1,555
14025,1.5,Bajo,4,1,556
14026,1.5,Bajo,4,1,557
14027,1.5,Alto,2,1,558
14028,1,Medio,3,1,559
14029,1.5,Medio,3,1,560
14030,2,Muy bajo,5,2,561
14031,1,Alto,2,1,562
14032,1.5,Medio,3,1,563
14033,1.5,Bajo,4,1,564
14034,1,Muy bajo,5,1,565
14035,2,Bajo,4,2,566
14036,1.5,Muy bajo,5,1,567
14037,2,Muy bajo,5,2,568
14038,1,Medio,3,1,569
14039,5,Muy bajo,5,5,570
14040,1.5,Medio,3,1,571
14041,1.5,Bajo,4,1,572
14042,1.5,Alto,2,1,573
14043,1.5,Bajo,4,1,574
14044,1.5,Muy bajo,5,1,575
14045,1.5,Medio,3,1,576
14046,2,Bajo,4,2,577
14047,2,Bajo,4,2,578
14048,1.5,Medio,3,1,579
14049,1,Medio,3,1,580
14050,2,Bajo,4,2,581
14051,1.5,Muy bajo,5,1,582
14052,1.5,Bajo,4,1,583
14053,2,Bajo,4,2,584
14054,1.5,Bajo,4,1,585
14055,2,Bajo,4,2,586
14056,1,Alto,2,1,587
14057,1.5,Bajo,4,1,588
14058,1.5,Muy bajo,5,1,589
14059,1.5,Bajo,4,1,590
14060,1.5,Bajo,4,1,591
14061,1,Muy alto,1,1,592
14062,1,Medio,3,1,593
14063,2.5,Muy bajo,5,2,594
14064,1.5,Bajo,4,1,595
14065,1.5,Bajo,4,1,596
14066,1.5,Bajo,4,1,597
14067,2.5,Muy bajo,5,2,598
14068,1.5,Medio,3,1,599
14069,1,Medio,3,1,600
14070,2,Muy bajo,5,2,601
14071,1,Alto,2,1,602
14072,1.5,Bajo,4,1,603
14073,2,Muy bajo,5,2,604
14074,1.5,Muy bajo,5,1,605
14075,1.5,Bajo,4,1,606
14076,1,Medio,3,1,607
14077,1.5,Bajo,4,1,608
14078,2,Bajo,4,2,609
14079,1.5,Bajo,4,1,610
14080,1,Medio,3,1,611
14081,1,Medio,3,1,612
14082,2,Muy bajo,5,2,613
14083,2,Muy bajo,5,2,614
14084,1.5,Bajo,4,1,615
14085,2,Bajo,4,2,616
14086,1.5,Bajo,4,1,617
14087,1.5,Medio,3,1,618
14088,1.5,Bajo,4,1,619
14089,1,Bajo,4,1,620
14090,1.5,Muy bajo,5,1,621
14091,2,Bajo,4,2,622
14092,1.5,Bajo,4,1,623
14093,2,Muy bajo,5,2,624
14094,2,Muy bajo,5,2,625
14095,1.5,Bajo,4,1,626
14096,1.5,Bajo,4,1,627
14097,2.5,Muy bajo,5,2,628
14098,2.5,Muy bajo,5,2,629
14099,1.5,Medio,3,1,630
14100,1.5,Bajo,4,1,631
14101,2.5,Muy bajo,5,2,632
14102,1.5,Bajo,4,1,633
14103,1.5,Bajo,4,1,634
14104,1,Medio,3,1,635
14105,1.5,Bajo,4,1,636
14106,1,Alto,2,1,637
14107,1.5,Bajo,4,1,638
14108,2,Bajo,4,2,639
14109,1.5,Bajo,4,1,640
14110,1.5,Muy bajo,5,1,641
14111,1.5,Bajo,4,1,642
14112,1.5,Medio,3,1,643
14113,1.5,Medio,3,1,644
14114,1.5,Bajo,4,1,645
14115,1.5,Medio,3,1,646
14116,2,Muy bajo,5,2,647
14117,1.5,Medio,3,1,648
14118,1.5,Bajo,4,1,649
14119,2,Bajo,4,2,650
14120,3,Muy bajo,5,3,651
14121,2,Muy bajo,5,2,652
14122,1.5,Alto,2,1,653
14123,1.5,Medio,3,1,654
14124,2,Bajo,4,2,655
14125,1.5,Bajo,4,1,656
15001,1.5,Alto,2,1,657
15002,2,Muy bajo,5,2,658
15003,1.5,Alto,2,1,659
15004,1.5,Alto,2,1,660
15005,2,Medio,3,2,661
15006,1.5,Bajo,4,1,662
15007,1.5,Medio,3,1,663
15008,1.5,Alto,2,1,664
15009,2,Muy bajo,5,2,665
15010,1.5,Muy bajo,5,1,666
15011,2,Bajo,4,2,667
15012,1.5,Muy bajo,5,1,668
15013,3,Muy bajo,5,3,669
15014,2,Bajo,4,2,670
15015,1.5,Medio,3,1,671
15016,1.5,Bajo,4,1,672
15017,1.5,Bajo,4,1,673
15018,1.5,Muy bajo,5,1,674
15019,2,Muy bajo,5,2,675
15020,3,Muy bajo,5,3,676
15021,1.5,Medio,3,1,677
15022,1.5,Bajo,4,1,678
15023,2,Muy bajo,5,2,679
15024,2,Muy bajo,5,2,680
15025,2.5,Muy bajo,5,2,681
15026,1.5,Medio,3,1,682
15027,1.5,Muy bajo,5,1,683
15028,1.5,Bajo,4,1,684
15029,3,Muy bajo,5,3,685
15030,2,Muy bajo,5,2,686
15031,3,Bajo,4,3,687
15032,1.5,Alto,2,1,688
15033,3,Muy bajo,5,3,689
15034,1.5,Bajo,4,1,690
15035,2,Muy bajo,5,2,691
15036,1.5,Bajo,4,1,692
15037,2.5,Muy bajo,5,2,693
15038,1,Bajo,4,1,694
15039,2.5,Muy bajo,5,2,695
15040,2,Bajo,4,2,696
15041,1,Alto,2,1,697
15042,1.5,Medio,3,1,698
15043,2,Bajo,4,2,699
15044,2.5,Muy bajo,5,2,700
15045,1.5,Medio,3,1,701
15046,1.5,Bajo,4,1,702
15047,1.5,Medio,3,1,703
15048,1.5,Bajo,4,1,704
15049,1.5,Medio,3,1,705
15050,2,Bajo,4,2,706
15051,2,Muy bajo,5,2,707
15052,1.5,Medio,3,1,708
15053,2,Muy bajo,5,2,709
15054,2.5,Muy bajo,5,2,710
15055,1.5,Muy bajo,5,1,711
15056,1.5,Alto,2,1,712
15057,2,Muy bajo,5,2,713
15058,3,Muy bajo,5,3,714
15059,1.5,Bajo,4,1,715
15060,2,Muy bajo,5,2,716
15061,1.5,Bajo,4,1,717
15062,2,Muy bajo,5,2,718
15063,1.5,Medio,3,1,719
15064,1.5,Medio,3,1,720
15065,1.5,Bajo,4,1,721
15066,1,Alto,2,1,722
15067,1.5,Bajo,4,1,723
15068,2,Bajo,4,2,724
15069,1.5,Bajo,4,1,725
15070,2.5,Bajo,4,2,726
15071,1.5,Medio,3,1,727
15072,1.5,Muy bajo,5,1,728
15073,1.5,Muy bajo,5,1,729
15074,1.5,Alto,2,1,730
15075,1.5,Muy bajo,5,1,731
15076,2,Muy bajo,5,2,732
15077,1,Medio,3,1,733
15078,1,Medio,3,1,734
15079,1.5,Medio,3,1,735
15080,1.5,Alto,2,1,736
15081,2.5,Muy bajo,5,2,737
15082,2,Alto,2,2,738
15083,1.5,Muy bajo,5,1,739
15084,1.5,Bajo,4,1,740
15085,1.5,Medio,3,1,741
15086,1.5,Medio,3,1,742
15087,1.5,Medio,3,1,743
15088,1.5,Medio,3,1,744
15089,1.5,Bajo,4,1,745
15090,2,Bajo,4,2,746
15091,2,Muy bajo,5,2,747
15092,2,Muy bajo,5,2,748
15093,1.5,Bajo,4,1,749
15094,1.5,Bajo,4,1,750
15095,2,Muy bajo,5,2,751
15096,2,Muy bajo,5,2,752
15097,1.5,Alto,2,1,753
15098,1.5,Bajo,4,1,754
15099,2,Muy bajo,5,2,755
15100,2,Bajo,4,2,756
15101,1.5,Bajo,4,1,757
15102,1,Bajo,4,1,758
15103,2,Muy bajo,5,2,759
15104,2,Muy bajo,5,2,760
15105,1.5,Alto,2,1,761
15106,2.5,Muy bajo,5,2,762
15107,1.5,Bajo,4,1,763
15108,2,Muy bajo,5,2,764
15109,3,Muy bajo,5,3,765
15110,2,Bajo,4,2,766
15111,1.5,Alto,2,1,767
15112,1.5,Medio,3,1,768
15113,1.5,Medio,3,1,769
15114,1.5,Alto,2,1,770
15115,2,Muy bajo,5,2,771
15116,1.5,Medio,3,1,772
15117,1.5,Alto,2,1,773
15118,2,Muy bajo,5,2,774
15119,1.5,Alto,2,1,775
15120,2.5,Muy bajo,5,2,776
15121,2.5,Muy bajo,5,2,777
15122,3,Bajo,4,3,778
15123,1.5,Alto,2,1,779
15124,1.5,Alto,2,1,780
15125,1.5,Bajo,4,1,781
16001,1.5,Medio,3,1,782
16002,1.5,Medio,3,1,783
16003,1.5,Medio,3,1,784
16004,1.5,Bajo,4,1,785
16005,1.5,Medio,3,1,786
16006,2,Bajo,4,2,787
16007,1,Medio,3,1,788
16008,1,Muy alto,1,1,789
16009,2,Medio,3,2,790
16010,1.5,Medio,3,1,791
16011,1.5,Bajo,4,1,792
16012,1.5,Medio,3,1,793
16013,1.5,Muy alto,1,1,794
16014,1.5,Medio,3,1,795
16015,1.5,Alto,2,1,796
16016,1.5,Medio,3,1,797
16017,1.5,Medio,3,1,798
16018,1.5,Medio,3,1,799
16019,1.5,Bajo,4,1,800
16020,1.5,Medio,3,1,801
16021,1.5,Alto,2,1,802
16022,1.5,Bajo,4,1,803
16023,1.5,Bajo,4,1,804
16024,1.5,Alto,2,1,805
16025,1.5,Alto,2,1,806
16026,1,Alto,2,1,807
16027,1,Alto,2,1,808
16028,1.5,Bajo,4,1,809
16029,1.5,Alto,2,1,810
16030,1.5,Bajo,4,1,811
16031,1,Alto,2,1,812
16032,1.5,Medio,3,1,813
16033,1.5,Medio,3,1,814
16034,2,Medio,3,2,815
16035,1.5,Alto,2,1,816
16036,1.5,Bajo,4,1,817
16037,1.5,Medio,3,1,818
16038,2,Medio,3,2,819
16039,1.5,Medio,3,1,820
16040,1.5,Medio,3,1,821
16041,1.5,Alto,2,1,822
16042,1.5,Bajo,4,1,823
16043,2,Bajo,4,2,824
16044,1.5,Bajo,4,1,825
16045,2,Muy bajo,5,2,826
16046,1.5,Medio,3,1,827
16047,1.5,Medio,3,1,828
16048,1,Medio,3,1,829
16049,1.5,Alto,2,1,830
16050,2,Medio,3,2,831
16051,1.5,Muy bajo,5,1,832
16052,2.5,Muy bajo,5,2,833
16053,2,Muy bajo,5,2,834
16054,1,Medio,3,1,835
16055,2,Medio,3,2,836
16056,1.5,Alto,2,1,837
16057,1.5,Muy alto,1,1,838
16058,1.5,Bajo,4,1,839
16059,1,Alto,2,1,840
16060,1.5,Bajo,4,1,841
16061,1.5,Alto,2,1,842
16062,1.5,Bajo,4,1,843
16063,1.5,Medio,3,1,844
16064,1.5,Alto,2,1,845
16065,2,Medio,3,2,846
16066,2,Bajo,4,2,847
16067,1.5,Medio,3,1,848
16068,2,Bajo,4,2,849
16069,2.5,Muy bajo,5,2,850
16070,1.5,Bajo,4,1,851
16071,2,Medio,3,2,852
16072,1.5,Medio,3,1,853
16073,1.5,Medio,3,1,854
16074,1.5,Bajo,4,1,855
16075,2,Bajo,4,2,856
16076,2,Muy bajo,5,2,857
16077,1.5,Alto,2,1,858
16078,1.5,Bajo,4,1,859
16079,1.5,Medio,3,1,860
16080,1.5,Medio,3,1,861
16081,1,Muy alto,1,1,862
16082,2,Bajo,4,2,863
16083,1.5,Medio,3,1,864
16084,1.5,Alto,2,1,865
16085,2,Bajo,4,2,866
16086,1.5,Bajo,4,1,867
16087,1.5,Bajo,4,1,868
16088,1.5,Bajo,4,1,869
16089,2,Bajo,4,2,870
16090,1.5,Medio,3,1,871
16091,1.5,Bajo,4,1,872
16092,1.5,Muy alto,1,1,873
16093,1.5,Alto,2,1,874
16094,1.5,Bajo,4,1,875
16095,1.5,Bajo,4,1,876
16096,1.5,Muy alto,1,1,877
16097,1.5,Alto,2,1,878
16098,1.5,Medio,3,1,879
16099,1.5,Alto,2,1,880
16100,1.5,Medio,3,1,881
16101,1,Muy alto,1,1,882
16102,2,Muy bajo,5,2,883
16103,1.5,Bajo,4,1,884
16104,1.5,Medio,3,1,885
16105,1.5,Bajo,4,1,886
16106,2,Bajo,4,2,887
16107,2,Bajo,4,2,888
16108,2,Bajo,4,2,889
16109,1,Bajo,4,1,890
16110,2,Bajo,4,2,891
16111,1.5,Medio,3,1,892
16112,2,Bajo,4,2,893
16113,1.5,Bajo,4,1,894
17001,1.5,Bajo,4,1,895
17002,1.5,Medio,3,1,896
17003,2,Medio,3,2,897
17004,1.5,Bajo,4,1,898
17005,1,Medio,3,1,899
17006,2,Muy bajo,5,2,900
17007,2,Muy bajo,5,2,901
17008,2,Muy bajo,5,2,902
17009,1.5,Bajo,4,1,903
17010,1.5,Bajo,4,1,904
17011,2,Muy bajo,5,2,905
17012,2,Muy bajo,5,2,906
17013,1.5,Bajo,4,1,907
17014,1.5,Bajo,4,1,908
17015,1.5,Medio,3,1,909
17016,1.5,Medio,3,1,910
17017,2,Bajo,4,2,911
17018,2,Bajo,4,2,912
17019,1.5,Medio,3,1,913
17020,1.5,Bajo,4,1,914
17021,1.5,Medio,3,1,915
17022,1.5,Bajo,4,1,916
17023,1.5,Alto,2,1,917
17024,2,Bajo,4,2,918
17025,2,Bajo,4,2,919
17026,1.5,Bajo,4,1,920
17027,1.5,Medio,3,1,921
17028,2,Bajo,4,2,922
17029,2,Bajo,4,2,923
17030,2,Bajo,4,2,924
17031,2,Muy bajo,5,2,925
17032,1.5,Bajo,4,1,926
17033,1.5,Medio,3,1,927
18001,2,Medio,3,2,928
18002,1.5,Muy bajo,5,1,929
18003,1.5,Bajo,4,1,930
18004,2,Bajo,4,2,931
18005,1.5,Muy alto,1,1,932
18006,2,Muy bajo,5,2,933
18007,1.5,Medio,3,1,934
18008,2,Muy bajo,5,2,935
18009,1.5,Muy alto,1,1,936
18010,1.5,Bajo,4,1,937
18011,1.5,Medio,3,1,938
18012,1.5,Bajo,4,1,939
18013,1.5,Bajo,4,1,940
18014,1.5,Medio,3,1,941
18015,2,Bajo,4,2,942
18016,1.5,Bajo,4,1,943
18017,2,Muy bajo,5,2,944
18018,2,Bajo,4,2,945
18019,1,Alto,2,1,946
18020,2,Muy bajo,5,2,947
19001,1,Bajo,4,1,948
19002,1,Bajo,4,1,949
19003,1,Bajo,4,1,950
19004,2,Muy bajo,5,2,951
19005,2,Bajo,4,2,952
19006,2,Muy bajo,5,2,953
19007,1.5,Alto,2,1,954
19008,1.5,Bajo,4,1,955
19009,2,Muy bajo,5,2,956
19010,1.5,Muy bajo,5,1,957
19011,1.5,Muy bajo,5,1,958
19012,2,Muy bajo,5,2,959
19013,1.5,Bajo,4,1,960
19014,1.5,Alto,2,1,961
19015,1,Bajo,4,1,962
19016,1,Bajo,4,1,963
19017,1.5,Medio,3,1,964
19018,2.5,Muy bajo,5,2,965
19019,3,Muy bajo,5,3,966
19020,1.5,Bajo,4,1,967
19021,3,Muy bajo,5,3,968
19022,1.5,Bajo,4,1,969
19023,1,Bajo,4,1,970
19024,1,Alto,2,1,971
19025,2,Muy bajo,5,2,972
19026,2,Muy bajo,5,2,973
19027,1,Bajo,4,1,974
19028,1,Bajo,4,1,975
19029,1.5,Muy bajo,5,1,976
19030,1,Medio,3,1,977
19031,3,Muy bajo,5,3,978
19032,1.5,Muy bajo,5,1,979
19033,2.5,Muy bajo,5,2,980
19034,1.5,Muy bajo,5,1,981
19035,1,Muy bajo,5,1,982
19036,1,Alto,2,1,983
19037,1.5,Bajo,4,1,984
19038,2,Muy bajo,5,2,985
19039,3,Muy bajo,5,3,986
19040,1,Bajo,4,1,987
19041,1.5,Muy bajo,5,1,988
19042,1,Bajo,4,1,989
19043,1,Alto,2,1,990
19044,2,Muy bajo,5,2,991
19045,1.5,Muy bajo,5,1,992
19046,5,Muy bajo,5,5,993
19047,2,Muy bajo,5,2,994
19048,3,Muy bajo,5,3,995
19049,2,Muy bajo,5,2,996
19050,1,Bajo,4,1,997
19051,1.5,Bajo,4,1,998
20001,1,Alto,2,1,999
20002,1.5,Alto,2,1,1e3
20003,1,Muy alto,1,1,1001
20004,1,Medio,3,1,1002
20005,1.5,Medio,3,1,1003
20006,1.5,Medio,3,1,1004
20007,2,Muy alto,1,2,1005
20008,1,Alto,2,1,1006
20009,1.5,Alto,2,1,1007
20010,1.5,Bajo,4,1,1008
20011,1,Alto,2,1,1009
20012,1,Muy alto,1,1,1010
20013,1.5,Medio,3,1,1011
20014,2,Bajo,4,2,1012
20015,1.5,Muy alto,1,1,1013
20016,1,Muy alto,1,1,1014
20017,1,Alto,2,1,1015
20018,1,Alto,2,1,1016
20019,1,Alto,2,1,1017
20020,1,Muy alto,1,1,1018
20021,1.5,Medio,3,1,1019
20022,1,Medio,3,1,1020
20023,1.5,Bajo,4,1,1021
20024,1,Muy alto,1,1,1022
20025,1.5,Medio,3,1,1023
20026,1,Alto,2,1,1024
20027,1,Muy alto,1,1,1025
20028,1.5,Alto,2,1,1026
20029,1,Muy alto,1,1,1027
20030,1.5,Muy bajo,5,1,1028
20031,1.5,Alto,2,1,1029
20032,1,Alto,2,1,1030
20033,1,Bajo,4,1,1031
20034,1,Alto,2,1,1032
20035,1,Muy bajo,5,1,1033
20036,1,Medio,3,1,1034
20037,1,Muy alto,1,1,1035
20038,1,Medio,3,1,1036
20039,2.5,Bajo,4,2,1037
20040,1,Muy alto,1,1,1038
20041,1.5,Muy alto,1,1,1039
20042,1.5,Medio,3,1,1040
20043,2,Bajo,4,2,1041
20044,2,Medio,3,2,1042
20045,1.5,Bajo,4,1,1043
20046,1,Alto,2,1,1044
20047,1,Medio,3,1,1045
20048,1,Muy alto,1,1,1046
20049,1,Alto,2,1,1047
20050,1,Muy alto,1,1,1048
20051,1.5,Muy alto,1,1,1049
20052,1.5,Alto,2,1,1050
20053,1,Medio,3,1,1051
20054,1,Alto,2,1,1052
20055,1,Alto,2,1,1053
20056,1,Alto,2,1,1054
20057,2,Medio,3,2,1055
20058,1,Muy alto,1,1,1056
20059,2,Medio,3,2,1057
20060,1,Muy alto,1,1,1058
20061,1,Alto,2,1,1059
20062,1,Bajo,4,1,1060
20063,1.5,Bajo,4,1,1061
20064,1,Alto,2,1,1062
20065,1,Alto,2,1,1063
20066,1.5,Medio,3,1,1064
20067,2,Muy bajo,5,2,1065
20068,2,Medio,3,2,1066
20069,1,Muy alto,1,1,1067
20070,1.5,Alto,2,1,1068
20071,1,Muy alto,1,1,1069
20072,1.5,Alto,2,1,1070
20073,1.5,Alto,2,1,1071
20074,1,Alto,2,1,1072
20075,1.5,Medio,3,1,1073
20076,1,Alto,2,1,1074
20077,1,Medio,3,1,1075
20078,1,Bajo,4,1,1076
20079,2.5,Muy bajo,5,2,1077
20080,1,Alto,2,1,1078
20081,1,Alto,2,1,1079
20082,1,Alto,2,1,1080
20083,1.5,Bajo,4,1,1081
20084,1.5,Muy bajo,5,1,1082
20085,1,Muy alto,1,1,1083
20086,1,Alto,2,1,1084
20087,1.5,Medio,3,1,1085
20088,1,Muy alto,1,1,1086
20089,1,Medio,3,1,1087
20090,1.5,Alto,2,1,1088
20091,1.5,Muy bajo,5,1,1089
20092,1,Medio,3,1,1090
20093,1,Bajo,4,1,1091
20094,1,Muy alto,1,1,1092
20095,1,Muy alto,1,1,1093
20096,1,Medio,3,1,1094
20097,1,Alto,2,1,1095
20098,1,Muy alto,1,1,1096
20099,1,Muy alto,1,1,1097
20100,1,Alto,2,1,1098
20101,1,Alto,2,1,1099
20102,1,Medio,3,1,1100
20103,1.5,Alto,2,1,1101
20104,1,Alto,2,1,1102
20105,1,Alto,2,1,1103
20106,1,Alto,2,1,1104
20107,2,Bajo,4,2,1105
20108,1,Alto,2,1,1106
20109,1,Medio,3,1,1107
20110,1,Muy alto,1,1,1108
20111,1.5,Muy alto,1,1,1109
20112,1,Alto,2,1,1110
20113,1,Alto,2,1,1111
20114,1,Alto,2,1,1112
20115,1.5,Bajo,4,1,1113
20116,1.5,Muy alto,1,1,1114
20117,1,Alto,2,1,1115
20118,1,Alto,2,1,1116
20119,1,Alto,2,1,1117
20120,1,Medio,3,1,1118
20121,1,Medio,3,1,1119
20122,1,Medio,3,1,1120
20123,1,Alto,2,1,1121
20124,1.5,Muy alto,1,1,1122
20125,1,Alto,2,1,1123
20126,1.5,Muy alto,1,1,1124
20127,1,Muy alto,1,1,1125
20128,1,Alto,2,1,1126
20129,1,Medio,3,1,1127
20130,1.5,Alto,2,1,1128
20131,1.5,Alto,2,1,1129
20132,1,Medio,3,1,1130
20133,1,Muy alto,1,1,1131
20134,1.5,Muy alto,1,1,1132
20135,1,Medio,3,1,1133
20136,1.5,Alto,2,1,1134
20137,1,Muy alto,1,1,1135
20138,1,Medio,3,1,1136
20139,1,Muy alto,1,1,1137
20140,1,Medio,3,1,1138
20141,1.5,Alto,2,1,1139
20142,1,Alto,2,1,1140
20143,1.5,Alto,2,1,1141
20144,1,Alto,2,1,1142
20145,1.5,Bajo,4,1,1143
20146,1,Alto,2,1,1144
20147,1,Alto,2,1,1145
20148,1,Muy alto,1,1,1146
20149,1,Muy alto,1,1,1147
20150,1.5,Bajo,4,1,1148
20151,1,Alto,2,1,1149
20152,1,Muy alto,1,1,1150
20153,1.5,Alto,2,1,1151
20154,1,Alto,2,1,1152
20155,1,Muy alto,1,1,1153
20156,1,Medio,3,1,1154
20157,2,Muy bajo,5,2,1155
20158,1,Muy alto,1,1,1156
20159,1,Muy alto,1,1,1157
20160,1,Alto,2,1,1158
20161,1,Alto,2,1,1159
20162,1,Muy alto,1,1,1160
20163,1,Alto,2,1,1161
20164,1,Alto,2,1,1162
20165,1,Alto,2,1,1163
20166,1.5,Medio,3,1,1164
20167,1,Muy alto,1,1,1165
20168,1,Alto,2,1,1166
20169,1,Muy alto,1,1,1167
20170,1,Muy alto,1,1,1168
20171,1,Muy alto,1,1,1169
20172,1,Medio,3,1,1170
20173,1,Alto,2,1,1171
20174,1.5,Bajo,4,1,1172
20175,1,Alto,2,1,1173
20176,1,Alto,2,1,1174
20177,1.5,Alto,2,1,1175
20178,1,Bajo,4,1,1176
20179,1,Alto,2,1,1177
20180,1,Alto,2,1,1178
20181,1,Alto,2,1,1179
20182,1,Muy alto,1,1,1180
20183,1,Alto,2,1,1181
20184,2,Bajo,4,2,1182
20185,1.5,Alto,2,1,1183
20186,1,Medio,3,1,1184
20187,1,Muy alto,1,1,1185
20188,1.5,Alto,2,1,1186
20189,1,Muy alto,1,1,1187
20190,1.5,Alto,2,1,1188
20191,1,Medio,3,1,1189
20192,1,Bajo,4,1,1190
20193,1.5,Medio,3,1,1191
20194,1,Medio,3,1,1192
20195,1,Muy alto,1,1,1193
20196,1,Bajo,4,1,1194
20197,1.5,Alto,2,1,1195
20198,1.5,Alto,2,1,1196
20199,1,Alto,2,1,1197
20200,1,Muy alto,1,1,1198
20201,1,Alto,2,1,1199
20202,1,Alto,2,1,1200
20203,1,Muy alto,1,1,1201
20204,1,Alto,2,1,1202
20205,1,Muy alto,1,1,1203
20206,1,Alto,2,1,1204
20207,1,Alto,2,1,1205
20208,1,Muy alto,1,1,1206
20209,1,Muy alto,1,1,1207
20210,1,Alto,2,1,1208
20211,1,Muy alto,1,1,1209
20212,1,Muy alto,1,1,1210
20213,1,Alto,2,1,1211
20214,1,Alto,2,1,1212
20215,1,Medio,3,1,1213
20216,1,Alto,2,1,1214
20217,1,Muy alto,1,1,1215
20218,1,Alto,2,1,1216
20219,1.5,Alto,2,1,1217
20220,1,Alto,2,1,1218
20221,1,Alto,2,1,1219
20222,1,Alto,2,1,1220
20223,1,Alto,2,1,1221
20224,1,Medio,3,1,1222
20225,1,Muy alto,1,1,1223
20226,1,Alto,2,1,1224
20227,1.5,Muy bajo,5,1,1225
20228,1,Muy alto,1,1,1226
20229,1,Muy alto,1,1,1227
20230,1,Medio,3,1,1228
20231,1.5,Muy alto,1,1,1229
20232,1.5,Muy alto,1,1,1230
20233,1,Alto,2,1,1231
20234,1,Muy alto,1,1,1232
20235,1,Muy alto,1,1,1233
20236,1,Muy alto,1,1,1234
20237,1,Medio,3,1,1235
20238,1,Alto,2,1,1236
20239,1,Alto,2,1,1237
20240,1,Muy alto,1,1,1238
20241,1,Alto,2,1,1239
20242,1.5,Muy alto,1,1,1240
20243,1,Medio,3,1,1241
20244,1,Alto,2,1,1242
20245,1,Alto,2,1,1243
20246,1,Alto,2,1,1244
20247,1,Bajo,4,1,1245
20248,1.5,Muy alto,1,1,1246
20249,1.5,Alto,2,1,1247
20250,1,Alto,2,1,1248
20251,1,Muy alto,1,1,1249
20252,1,Muy alto,1,1,1250
20253,1,Muy alto,1,1,1251
20254,1,Alto,2,1,1252
20255,1,Muy alto,1,1,1253
20256,1,Medio,3,1,1254
20257,1,Muy alto,1,1,1255
20258,1,Alto,2,1,1256
20259,1,Muy alto,1,1,1257
20260,1,Alto,2,1,1258
20261,1,Alto,2,1,1259
20262,1,Medio,3,1,1260
20263,1,Muy alto,1,1,1261
20264,1,Muy alto,1,1,1262
20265,1,Alto,2,1,1263
20266,1,Muy alto,1,1,1264
20267,1,Bajo,4,1,1265
20268,1,Alto,2,1,1266
20269,1,Alto,2,1,1267
20270,1,Muy alto,1,1,1268
20271,1,Muy alto,1,1,1269
20272,1.5,Muy alto,1,1,1270
20273,1,Muy alto,1,1,1271
20274,1,Alto,2,1,1272
20275,1.5,Alto,2,1,1273
20276,1,Muy alto,1,1,1274
20277,1,Muy alto,1,1,1275
20278,1.5,Alto,2,1,1276
20279,1,Alto,2,1,1277
20280,1,Medio,3,1,1278
20281,1,Medio,3,1,1279
20282,1,Alto,2,1,1280
20283,1,Alto,2,1,1281
20284,1.5,Muy alto,1,1,1282
20285,1,Alto,2,1,1283
20286,1,Alto,2,1,1284
20287,1,Alto,2,1,1285
20288,1,Alto,2,1,1286
20289,1,Alto,2,1,1287
20290,1,Alto,2,1,1288
20291,1,Alto,2,1,1289
20292,1,Alto,2,1,1290
20293,1.5,Muy bajo,5,1,1291
20294,1.5,Bajo,4,1,1292
20295,1.5,Bajo,4,1,1293
20296,1,Medio,3,1,1294
20297,1,Muy alto,1,1,1295
20298,1.5,Medio,3,1,1296
20299,1,Alto,2,1,1297
20300,1.5,Alto,2,1,1298
20301,1,Alto,2,1,1299
20302,1.5,Muy alto,1,1,1300
20303,1,Medio,3,1,1301
20304,1,Alto,2,1,1302
20305,2,Bajo,4,2,1303
20306,1,Muy alto,1,1,1304
20307,1,Alto,2,1,1305
20308,1.5,Alto,2,1,1306
20309,1.5,Muy alto,1,1,1307
20310,1.5,Alto,2,1,1308
20311,1,Muy alto,1,1,1309
20312,1.5,Muy alto,1,1,1310
20313,1,Alto,2,1,1311
20314,1,Medio,3,1,1312
20315,1,Muy alto,1,1,1313
20316,1,Alto,2,1,1314
20317,1,Alto,2,1,1315
20318,2,Bajo,4,2,1316
20319,1,Alto,2,1,1317
20320,1,Medio,3,1,1318
20321,1,Alto,2,1,1319
20322,1,Alto,2,1,1320
20323,1,Alto,2,1,1321
20324,1.5,Alto,2,1,1322
20325,1.5,Alto,2,1,1323
20326,1,Muy alto,1,1,1324
20327,1.5,Alto,2,1,1325
20328,1,Muy alto,1,1,1326
20329,1,Alto,2,1,1327
20330,1,Muy alto,1,1,1328
20331,1,Alto,2,1,1329
20332,1,Medio,3,1,1330
20333,1,Medio,3,1,1331
20334,1.5,Alto,2,1,1332
20335,1,Muy alto,1,1,1333
20336,1,Alto,2,1,1334
20337,1,Muy alto,1,1,1335
20338,1.5,Bajo,4,1,1336
20339,1,Medio,3,1,1337
20340,1,Alto,2,1,1338
20341,1,Medio,3,1,1339
20342,1,Bajo,4,1,1340
20343,1,Alto,2,1,1341
20344,1,Alto,2,1,1342
20345,1,Alto,2,1,1343
20346,1,Alto,2,1,1344
20347,1,Muy alto,1,1,1345
20348,1,Alto,2,1,1346
20349,1,Alto,2,1,1347
20350,1.5,Muy bajo,5,1,1348
20351,1,Alto,2,1,1349
20352,1,Muy alto,1,1,1350
20353,1,Alto,2,1,1351
20354,1,Muy alto,1,1,1352
20355,1,Muy alto,1,1,1353
20356,1,Alto,2,1,1354
20357,1,Alto,2,1,1355
20358,1,Alto,2,1,1356
20359,1,Medio,3,1,1357
20360,1.5,Alto,2,1,1358
20361,1,Alto,2,1,1359
20362,1,Medio,3,1,1360
20363,1,Medio,3,1,1361
20364,1.5,Alto,2,1,1362
20365,1,Medio,3,1,1363
20366,1.5,Muy alto,1,1,1364
20367,1.5,Muy alto,1,1,1365
20368,1,Alto,2,1,1366
20369,1,Medio,3,1,1367
20370,1,Alto,2,1,1368
20371,1,Alto,2,1,1369
20372,1,Muy alto,1,1,1370
20373,1,Alto,2,1,1371
20374,1,Muy alto,1,1,1372
20375,2,Muy bajo,5,2,1373
20376,1,Medio,3,1,1374
20377,1,Alto,2,1,1375
20378,1,Alto,2,1,1376
20379,1,Muy alto,1,1,1377
20380,1,Alto,2,1,1378
20381,1,Alto,2,1,1379
20382,1,Muy alto,1,1,1380
20383,1,Medio,3,1,1381
20384,1.5,Muy alto,1,1,1382
20385,2.5,Bajo,4,2,1383
20386,1,Muy alto,1,1,1384
20387,1,Medio,3,1,1385
20388,1,Muy alto,1,1,1386
20389,1,Muy alto,1,1,1387
20390,2.5,Muy bajo,5,2,1388
20391,1,Muy alto,1,1,1389
20392,1,Muy alto,1,1,1390
20393,1.5,Muy alto,1,1,1391
20394,1,Alto,2,1,1392
20395,1,Muy alto,1,1,1393
20396,1,Muy alto,1,1,1394
20397,2,Medio,3,2,1395
20398,1.5,Medio,3,1,1396
20399,2,Bajo,4,2,1397
20400,1,Alto,2,1,1398
20401,1.5,Medio,3,1,1399
20402,1,Alto,2,1,1400
20403,1,Bajo,4,1,1401
20404,1,Medio,3,1,1402
20405,1,Alto,2,1,1403
20406,1,Muy alto,1,1,1404
20407,1.5,Muy alto,1,1,1405
20408,1,Medio,3,1,1406
20409,1.5,Muy bajo,5,1,1407
20410,1,Alto,2,1,1408
20411,1,Medio,3,1,1409
20412,1,Muy alto,1,1,1410
20413,2,Bajo,4,2,1411
20414,1.5,Alto,2,1,1412
20415,1,Alto,2,1,1413
20416,1,Alto,2,1,1414
20417,1,Alto,2,1,1415
20418,1.5,Medio,3,1,1416
20419,1,Medio,3,1,1417
20420,1,Alto,2,1,1418
20421,1.5,Medio,3,1,1419
20422,1,Alto,2,1,1420
20423,1,Alto,2,1,1421
20424,1,Muy alto,1,1,1422
20425,1,Muy alto,1,1,1423
20426,1,Muy alto,1,1,1424
20427,1,Medio,3,1,1425
20428,1,Muy alto,1,1,1426
20429,1,Muy alto,1,1,1427
20430,1,Alto,2,1,1428
20431,1,Medio,3,1,1429
20432,1,Medio,3,1,1430
20433,1,Muy alto,1,1,1431
20434,1,Muy alto,1,1,1432
20435,1,Muy alto,1,1,1433
20436,1,Muy alto,1,1,1434
20437,1.5,Muy alto,1,1,1435
20438,1,Muy alto,1,1,1436
20439,1,Alto,2,1,1437
20440,1,Alto,2,1,1438
20441,1.5,Alto,2,1,1439
20442,1,Medio,3,1,1440
20443,1,Bajo,4,1,1441
20444,1,Muy alto,1,1,1442
20445,1,Alto,2,1,1443
20446,1,Alto,2,1,1444
20447,1.5,Alto,2,1,1445
20448,1,Muy alto,1,1,1446
20449,1,Alto,2,1,1447
20450,1,Muy alto,1,1,1448
20451,1,Muy alto,1,1,1449
20452,1.5,Alto,2,1,1450
20453,1,Medio,3,1,1451
20454,1,Muy alto,1,1,1452
20455,1,Alto,2,1,1453
20456,1,Medio,3,1,1454
20457,1,Muy alto,1,1,1455
20458,1,Alto,2,1,1456
20459,1,Medio,3,1,1457
20460,1,Muy alto,1,1,1458
20461,1,Alto,2,1,1459
20462,1,Medio,3,1,1460
20463,1,Alto,2,1,1461
20464,1,Alto,2,1,1462
20465,1,Alto,2,1,1463
20466,1,Muy alto,1,1,1464
20467,1.5,Alto,2,1,1465
20468,1,Alto,2,1,1466
20469,1.5,Alto,2,1,1467
20470,1,Alto,2,1,1468
20471,1,Alto,2,1,1469
20472,1.5,Medio,3,1,1470
20473,1,Alto,2,1,1471
20474,1,Alto,2,1,1472
20475,1.5,Alto,2,1,1473
20476,1,Alto,2,1,1474
20477,1,Muy alto,1,1,1475
20478,1,Alto,2,1,1476
20479,1,Alto,2,1,1477
20480,1,Muy alto,1,1,1478
20481,1,Alto,2,1,1479
20482,2,Alto,2,2,1480
20483,1.5,Medio,3,1,1481
20484,1,Alto,2,1,1482
20485,1,Muy alto,1,1,1483
20486,1,Medio,3,1,1484
20487,1,Alto,2,1,1485
20488,1,Alto,2,1,1486
20489,1,Muy alto,1,1,1487
20490,1,Alto,2,1,1488
20491,1,Alto,2,1,1489
20492,1,Muy alto,1,1,1490
20493,1,Medio,3,1,1491
20494,1,Muy alto,1,1,1492
20495,1,Muy alto,1,1,1493
20496,1,Bajo,4,1,1494
20497,2,Muy alto,1,2,1495
20498,1,Muy alto,1,1,1496
20499,1,Bajo,4,1,1497
20500,1,Muy alto,1,1,1498
20501,1,Alto,2,1,1499
20502,1,Muy alto,1,1,1500
20503,1,Medio,3,1,1501
20504,1,Alto,2,1,1502
20505,1.5,Medio,3,1,1503
20506,1,Medio,3,1,1504
20507,1.5,Alto,2,1,1505
20508,1,Medio,3,1,1506
20509,1,Muy alto,1,1,1507
20510,1,Alto,2,1,1508
20511,1,Muy alto,1,1,1509
20512,1,Muy alto,1,1,1510
20513,1.5,Alto,2,1,1511
20514,1,Muy alto,1,1,1512
20515,2,Medio,3,2,1513
20516,1,Alto,2,1,1514
20517,1,Muy alto,1,1,1515
20518,1,Alto,2,1,1516
20519,1,Medio,3,1,1517
20520,1.5,Alto,2,1,1518
20521,1,Alto,2,1,1519
20522,1,Muy alto,1,1,1520
20523,1,Medio,3,1,1521
20524,1,Medio,3,1,1522
20525,1.5,Medio,3,1,1523
20526,1.5,Alto,2,1,1524
20527,1,Alto,2,1,1525
20528,1,Medio,3,1,1526
20529,1,Muy alto,1,1,1527
20530,1,Alto,2,1,1528
20531,1,Medio,3,1,1529
20532,1,Muy alto,1,1,1530
20533,1,Medio,3,1,1531
20534,1.5,Muy alto,1,1,1532
20535,1,Muy alto,1,1,1533
20536,1,Alto,2,1,1534
20537,1,Alto,2,1,1535
20538,1,Alto,2,1,1536
20539,1.5,Bajo,4,1,1537
20540,1.5,Bajo,4,1,1538
20541,1,Alto,2,1,1539
20542,1,Alto,2,1,1540
20543,1.5,Muy alto,1,1,1541
20544,1,Alto,2,1,1542
20545,1.5,Bajo,4,1,1543
20546,1.5,Alto,2,1,1544
20547,1,Alto,2,1,1545
20548,1,Alto,2,1,1546
20549,1,Alto,2,1,1547
20550,1.5,Alto,2,1,1548
20551,1.5,Bajo,4,1,1549
20552,1,Medio,3,1,1550
20553,1.5,Bajo,4,1,1551
20554,1,Alto,2,1,1552
20555,1,Alto,2,1,1553
20556,1,Alto,2,1,1554
20557,1.5,Bajo,4,1,1555
20558,1,Medio,3,1,1556
20559,1.5,Alto,2,1,1557
20560,1.5,Alto,2,1,1558
20561,2,Alto,2,2,1559
20562,1,Medio,3,1,1560
20563,1,Muy alto,1,1,1561
20564,1,Muy alto,1,1,1562
20565,1.5,Medio,3,1,1563
20566,1,Muy alto,1,1,1564
20567,1,Muy alto,1,1,1565
20568,1,Alto,2,1,1566
20569,1,Muy alto,1,1,1567
20570,1.5,Medio,3,1,1568
21001,2,Medio,3,2,1569
21002,1.5,Alto,2,1,1570
21003,2,Medio,3,2,1571
21004,2,Medio,3,2,1572
21005,1,Muy alto,1,1,1573
21006,1.5,Muy alto,1,1,1574
21007,1,Alto,2,1,1575
21008,1,Medio,3,1,1576
21009,1,Alto,2,1,1577
21010,2,Muy alto,1,2,1578
21011,1,Alto,2,1,1579
21012,1.5,Alto,2,1,1580
21013,2,Medio,3,2,1581
21014,1.5,Muy alto,1,1,1582
21015,2.5,Bajo,4,2,1583
21016,1,Alto,2,1,1584
21017,1.5,Alto,2,1,1585
21018,1,Alto,2,1,1586
21019,2,Bajo,4,2,1587
21020,1.5,Medio,3,1,1588
21021,1,Medio,3,1,1589
21022,1.5,Alto,2,1,1590
21023,1.5,Alto,2,1,1591
21024,1,Medio,3,1,1592
21025,1.5,Alto,2,1,1593
21026,1.5,Medio,3,1,1594
21027,1,Alto,2,1,1595
21028,1,Muy alto,1,1,1596
21029,1.5,Alto,2,1,1597
21030,1,Muy alto,1,1,1598
21031,1,Alto,2,1,1599
21032,1,Alto,2,1,1600
21033,1,Alto,2,1,1601
21034,1.5,Bajo,4,1,1602
21035,1.5,Alto,2,1,1603
21036,1,Muy alto,1,1,1604
21037,1,Alto,2,1,1605
21038,1.5,Medio,3,1,1606
21039,1,Alto,2,1,1607
21040,1,Alto,2,1,1608
21041,2,Muy bajo,5,2,1609
21042,1,Alto,2,1,1610
21043,1.5,Alto,2,1,1611
21044,1.5,Medio,3,1,1612
21045,2,Medio,3,2,1613
21046,1.5,Medio,3,1,1614
21047,1.5,Medio,3,1,1615
21048,1.5,Medio,3,1,1616
21049,1.5,Muy alto,1,1,1617
21050,1.5,Alto,2,1,1618
21051,1.5,Medio,3,1,1619
21052,1,Alto,2,1,1620
21053,2,Medio,3,2,1621
21054,1.5,Alto,2,1,1622
21055,1,Alto,2,1,1623
21056,1,Medio,3,1,1624
21057,1,Alto,2,1,1625
21058,1.5,Muy alto,1,1,1626
21059,1,Alto,2,1,1627
21060,1.5,Medio,3,1,1628
21061,1,Muy alto,1,1,1629
21062,1,Alto,2,1,1630
21063,1.5,Medio,3,1,1631
21064,1.5,Alto,2,1,1632
21065,1.5,Medio,3,1,1633
21066,1,Alto,2,1,1634
21067,1.5,Medio,3,1,1635
21068,1,Muy alto,1,1,1636
21069,1.5,Alto,2,1,1637
21070,1,Alto,2,1,1638
21071,2,Medio,3,2,1639
21072,1,Muy alto,1,1,1640
21073,1.5,Alto,2,1,1641
21074,2,Bajo,4,2,1642
21075,1.5,Alto,2,1,1643
21076,1.5,Alto,2,1,1644
21077,1,Muy alto,1,1,1645
21078,1.5,Muy alto,1,1,1646
21079,1.5,Medio,3,1,1647
21080,1,Muy alto,1,1,1648
21081,1,Alto,2,1,1649
21082,1.5,Medio,3,1,1650
21083,1,Alto,2,1,1651
21084,1.5,Muy alto,1,1,1652
21085,2,Medio,3,2,1653
21086,1,Muy alto,1,1,1654
21087,1.5,Alto,2,1,1655
21088,1,Muy alto,1,1,1656
21089,1.5,Muy alto,1,1,1657
21090,1.5,Bajo,4,1,1658
21091,1.5,Bajo,4,1,1659
21092,1,Alto,2,1,1660
21093,1,Alto,2,1,1661
21094,2,Medio,3,2,1662
21095,1,Medio,3,1,1663
21096,1,Medio,3,1,1664
21097,1,Medio,3,1,1665
21098,1,Alto,2,1,1666
21099,1.5,Alto,2,1,1667
21100,1,Alto,2,1,1668
21101,1,Alto,2,1,1669
21102,1.5,Bajo,4,1,1670
21103,1.5,Alto,2,1,1671
21104,1.5,Medio,3,1,1672
21105,1,Alto,2,1,1673
21106,1.5,Alto,2,1,1674
21107,1,Muy alto,1,1,1675
21108,1.5,Medio,3,1,1676
21109,1.5,Muy alto,1,1,1677
21110,1.5,Alto,2,1,1678
21111,1.5,Muy alto,1,1,1679
21112,1.5,Alto,2,1,1680
21113,1,Medio,3,1,1681
21114,2,Muy bajo,5,2,1682
21115,2,Alto,2,2,1683
21116,1,Alto,2,1,1684
21117,2,Bajo,4,2,1685
21118,2,Medio,3,2,1686
21119,2.5,Muy bajo,5,2,1687
21120,1,Alto,2,1,1688
21121,1,Alto,2,1,1689
21122,1.5,Medio,3,1,1690
21123,1,Muy alto,1,1,1691
21124,1.5,Alto,2,1,1692
21125,1.5,Bajo,4,1,1693
21126,1,Medio,3,1,1694
21127,1,Alto,2,1,1695
21128,1.5,Medio,3,1,1696
21129,1.5,Alto,2,1,1697
21130,1,Medio,3,1,1698
21131,1,Medio,3,1,1699
21132,2.5,Muy bajo,5,2,1700
21133,1,Medio,3,1,1701
21134,1.5,Bajo,4,1,1702
21135,1,Alto,2,1,1703
21136,1.5,Muy bajo,5,1,1704
21137,1.5,Alto,2,1,1705
21138,1.5,Alto,2,1,1706
21139,1,Medio,3,1,1707
21140,2.5,Muy bajo,5,2,1708
21141,1,Alto,2,1,1709
21142,2,Medio,3,2,1710
21143,1.5,Bajo,4,1,1711
21144,1.5,Medio,3,1,1712
21145,1,Muy alto,1,1,1713
21146,1,Alto,2,1,1714
21147,1.5,Alto,2,1,1715
21148,1,Alto,2,1,1716
21149,1.5,Alto,2,1,1717
21150,1,Alto,2,1,1718
21151,1.5,Bajo,4,1,1719
21152,1.5,Medio,3,1,1720
21153,1.5,Bajo,4,1,1721
21154,2,Bajo,4,2,1722
21155,1.5,Alto,2,1,1723
21156,2,Bajo,4,2,1724
21157,1.5,Alto,2,1,1725
21158,1,Alto,2,1,1726
21159,1.5,Muy alto,1,1,1727
21160,1,Alto,2,1,1728
21161,1.5,Alto,2,1,1729
21162,1.5,Muy alto,1,1,1730
21163,2,Bajo,4,2,1731
21164,2,Bajo,4,2,1732
21165,1,Muy alto,1,1,1733
21166,1.5,Alto,2,1,1734
21167,1,Muy alto,1,1,1735
21168,1.5,Alto,2,1,1736
21169,1.5,Alto,2,1,1737
21170,1.5,Alto,2,1,1738
21171,1.5,Medio,3,1,1739
21172,1.5,Alto,2,1,1740
21173,1.5,Bajo,4,1,1741
21174,2,Bajo,4,2,1742
21175,1.5,Medio,3,1,1743
21176,1.5,Medio,3,1,1744
21177,1.5,Alto,2,1,1745
21178,1,Muy alto,1,1,1746
21179,1.5,Alto,2,1,1747
21180,1.5,Medio,3,1,1748
21181,1.5,Bajo,4,1,1749
21182,1.5,Medio,3,1,1750
21183,1.5,Muy alto,1,1,1751
21184,1,Muy alto,1,1,1752
21185,1.5,Alto,2,1,1753
21186,1.5,Medio,3,1,1754
21187,1,Muy alto,1,1,1755
21188,1.5,Alto,2,1,1756
21189,1.5,Medio,3,1,1757
21190,1,Medio,3,1,1758
21191,1.5,Alto,2,1,1759
21192,1,Alto,2,1,1760
21193,1,Alto,2,1,1761
21194,1.5,Medio,3,1,1762
21195,1.5,Muy alto,1,1,1763
21196,1,Alto,2,1,1764
21197,2,Medio,3,2,1765
21198,1,Muy alto,1,1,1766
21199,1.5,Alto,2,1,1767
21200,1,Alto,2,1,1768
21201,1,Alto,2,1,1769
21202,1.5,Alto,2,1,1770
21203,1.5,Alto,2,1,1771
21204,1.5,Medio,3,1,1772
21205,1.5,Medio,3,1,1773
21206,1,Alto,2,1,1774
21207,1.5,Alto,2,1,1775
21208,2,Medio,3,2,1776
21209,1.5,Alto,2,1,1777
21210,1,Alto,2,1,1778
21211,1.5,Bajo,4,1,1779
21212,1.5,Alto,2,1,1780
21213,1,Alto,2,1,1781
21214,2,Medio,3,2,1782
21215,1.5,Alto,2,1,1783
21216,1,Muy alto,1,1,1784
21217,1.5,Muy alto,1,1,1785
22001,1.5,Alto,2,1,1786
22002,1,Muy alto,1,1,1787
22003,1,Medio,3,1,1788
22004,1.5,Medio,3,1,1789
22005,1.5,Medio,3,1,1790
22006,2.5,Muy bajo,5,2,1791
22007,1.5,Bajo,4,1,1792
22008,1.5,Medio,3,1,1793
22009,1.5,Medio,3,1,1794
22010,1,Alto,2,1,1795
22011,1.5,Bajo,4,1,1796
22012,1.5,Bajo,4,1,1797
22013,1,Medio,3,1,1798
22014,2.5,Muy bajo,5,2,1799
22015,1,Medio,3,1,1800
22016,2,Muy bajo,5,2,1801
22017,2,Bajo,4,2,1802
22018,1.5,Medio,3,1,1803
23001,2.5,Muy bajo,5,2,1804
23002,2,Alto,2,2,1805
23003,1.5,Bajo,4,1,1806
23004,2,Bajo,4,2,1807
23005,2,Muy bajo,5,2,1808
23006,1.5,Alto,2,1,1809
23007,1.5,Alto,2,1,1810
23008,2,Muy bajo,5,2,1811
23009,2,Bajo,4,2,1812
23010,1.5,Alto,2,1,1813
24001,1.5,Alto,2,1,1814
24002,1,Alto,2,1,1815
24003,1.5,Muy alto,1,1,1816
24004,1,Alto,2,1,1817
24005,2,Bajo,4,2,1818
24006,1,Alto,2,1,1819
24007,1.5,Bajo,4,1,1820
24008,1.5,Bajo,4,1,1821
24009,1,Bajo,4,1,1822
24010,1.5,Medio,3,1,1823
24011,2,Bajo,4,2,1824
24012,1.5,Muy alto,1,1,1825
24013,3,Bajo,4,3,1826
24014,1.5,Alto,2,1,1827
24015,1.5,Medio,3,1,1828
24016,2,Medio,3,2,1829
24017,1,Alto,2,1,1830
24018,1,Alto,2,1,1831
24019,1,Alto,2,1,1832
24020,2.5,Muy bajo,5,2,1833
24021,1.5,Medio,3,1,1834
24022,1.5,Alto,2,1,1835
24023,1.5,Medio,3,1,1836
24024,2.5,Medio,3,2,1837
24025,2,Medio,3,2,1838
24026,1,Alto,2,1,1839
24027,1.5,Medio,3,1,1840
24028,2,Muy bajo,5,2,1841
24029,1.5,Muy alto,1,1,1842
24030,1,Alto,2,1,1843
24031,1,Muy alto,1,1,1844
24032,1.5,Medio,3,1,1845
24033,1,Medio,3,1,1846
24034,1.5,Medio,3,1,1847
24035,2,Muy bajo,5,2,1848
24036,1.5,Alto,2,1,1849
24037,2,Alto,2,2,1850
24038,1,Muy alto,1,1,1851
24039,1.5,Alto,2,1,1852
24040,2,Medio,3,2,1853
24041,1,Alto,2,1,1854
24042,1.5,Medio,3,1,1855
24043,1.5,Medio,3,1,1856
24044,1.5,Alto,2,1,1857
24045,1.5,Alto,2,1,1858
24046,1.5,Alto,2,1,1859
24047,1,Alto,2,1,1860
24048,1.5,Medio,3,1,1861
24049,1.5,Medio,3,1,1862
24050,1.5,Medio,3,1,1863
24051,1.5,Medio,3,1,1864
24052,1.5,Medio,3,1,1865
24053,1.5,Medio,3,1,1866
24054,1.5,Alto,2,1,1867
24055,1.5,Medio,3,1,1868
24056,1.5,Medio,3,1,1869
24057,1.5,Alto,2,1,1870
24058,1.5,Medio,3,1,1871
25001,2,Muy bajo,5,2,1872
25002,1.5,Bajo,4,1,1873
25003,1.5,Alto,2,1,1874
25004,1.5,Medio,3,1,1875
25005,1.5,Alto,2,1,1876
25006,2.5,Muy bajo,5,2,1877
25007,1.5,Medio,3,1,1878
25008,2,Medio,3,2,1879
25009,2,Bajo,4,2,1880
25010,1.5,Medio,3,1,1881
25011,2.5,Bajo,4,2,1882
25012,2,Muy bajo,5,2,1883
25013,1.5,Medio,3,1,1884
25014,2,Bajo,4,2,1885
25015,2,Muy bajo,5,2,1886
25016,1.5,Medio,3,1,1887
25017,1.5,Medio,3,1,1888
25018,2,Medio,3,2,1889
26001,1,Bajo,4,1,1890
26002,2.5,Muy bajo,5,2,1891
26003,1.5,Medio,3,1,1892
26004,1.5,Muy bajo,5,1,1893
26005,1,Bajo,4,1,1894
26006,1,Bajo,4,1,1895
26007,1,Bajo,4,1,1896
26008,1,Bajo,4,1,1897
26009,1,Bajo,4,1,1898
26010,1,Bajo,4,1,1899
26011,1,Muy bajo,5,1,1900
26012,1.5,Bajo,4,1,1901
26013,1,Bajo,4,1,1902
26014,1,Bajo,4,1,1903
26015,1,Bajo,4,1,1904
26016,1.5,Muy bajo,5,1,1905
26017,2,Muy bajo,5,2,1906
26018,2.5,Muy bajo,5,2,1907
26019,2,Muy bajo,5,2,1908
26020,1.5,Bajo,4,1,1909
26021,1,Bajo,4,1,1910
26022,1,Bajo,4,1,1911
26023,1.5,Muy bajo,5,1,1912
26024,1,Bajo,4,1,1913
26025,2,Muy bajo,5,2,1914
26026,1.5,Medio,3,1,1915
26027,1.5,Muy bajo,5,1,1916
26028,1,Muy bajo,5,1,1917
26029,2,Muy bajo,5,2,1918
26030,2.5,Muy bajo,5,2,1919
26031,1,Bajo,4,1,1920
26032,1,Bajo,4,1,1921
26033,2,Bajo,4,2,1922
26034,1,Bajo,4,1,1923
26035,1.5,Muy bajo,5,1,1924
26036,2,Muy bajo,5,2,1925
26037,1,Muy bajo,5,1,1926
26038,1.5,Muy bajo,5,1,1927
26039,1.5,Muy bajo,5,1,1928
26040,1,Bajo,4,1,1929
26041,1.5,Muy bajo,5,1,1930
26042,2,Bajo,4,2,1931
26043,2,Muy bajo,5,2,1932
26044,1,Medio,3,1,1933
26045,1,Bajo,4,1,1934
26046,1,Bajo,4,1,1935
26047,1.5,Muy bajo,5,1,1936
26048,2.5,Muy bajo,5,2,1937
26049,1,Medio,3,1,1938
26050,1,Bajo,4,1,1939
26051,1.5,Medio,3,1,1940
26052,1.5,Bajo,4,1,1941
26053,1,Bajo,4,1,1942
26054,1,Bajo,4,1,1943
26055,2,Muy bajo,5,2,1944
26056,1.5,Medio,3,1,1945
26057,1,Bajo,4,1,1946
26058,1.5,Muy bajo,5,1,1947
26059,1,Bajo,4,1,1948
26060,1,Bajo,4,1,1949
26061,1,Bajo,4,1,1950
26062,1,Muy bajo,5,1,1951
26063,1,Muy bajo,5,1,1952
26064,1,Bajo,4,1,1953
26065,1,Bajo,4,1,1954
26066,1.5,Muy bajo,5,1,1955
26067,1,Bajo,4,1,1956
26068,1,Bajo,4,1,1957
26069,1.5,Medio,3,1,1958
26070,1.5,Bajo,4,1,1959
26071,1.5,Bajo,4,1,1960
26072,1.5,Medio,3,1,1961
27001,1.5,Medio,3,1,1962
27002,2,Bajo,4,2,1963
27003,2,Medio,3,2,1964
27004,2.5,Muy bajo,5,2,1965
27005,2,Bajo,4,2,1966
27006,2,Medio,3,2,1967
27007,2,Bajo,4,2,1968
27008,2,Medio,3,2,1969
27009,1.5,Medio,3,1,1970
27010,2,Bajo,4,2,1971
27011,1.5,Medio,3,1,1972
27012,2,Bajo,4,2,1973
27013,1.5,Muy bajo,5,1,1974
27014,2,Muy bajo,5,2,1975
27015,1.5,Medio,3,1,1976
27016,2,Medio,3,2,1977
27017,2,Medio,3,2,1978
28001,1.5,Bajo,4,1,1979
28002,1.5,Medio,3,1,1980
28003,3,Muy bajo,5,3,1981
28004,1.5,Medio,3,1,1982
28005,1,Alto,2,1,1983
28006,1,Alto,2,1,1984
28007,1.5,Muy bajo,5,1,1985
28008,1,Alto,2,1,1986
28009,5,Muy bajo,5,5,1987
28010,1,Medio,3,1,1988
28011,1,Medio,3,1,1989
28012,1.5,Medio,3,1,1990
28013,1,Medio,3,1,1991
28014,1.5,Bajo,4,1,1992
28015,1.5,Bajo,4,1,1993
28016,1.5,Medio,3,1,1994
28017,1.5,Medio,3,1,1995
28018,1.5,Medio,3,1,1996
28019,1.5,Medio,3,1,1997
28020,1,Medio,3,1,1998
28021,2,Bajo,4,2,1999
28022,2,Muy bajo,5,2,2e3
28023,1,Medio,3,1,2001
28024,2,Muy bajo,5,2,2002
28025,2,Muy bajo,5,2,2003
28026,1,Alto,2,1,2004
28027,2,Muy bajo,5,2,2005
28028,1,Medio,3,1,2006
28029,1.5,Alto,2,1,2007
28030,1.5,Medio,3,1,2008
28031,1,Medio,3,1,2009
28032,3,Muy bajo,5,3,2010
28033,2,Muy bajo,5,2,2011
28034,1,Alto,2,1,2012
28035,2,Bajo,4,2,2013
28036,1,Alto,2,1,2014
28037,1.5,Medio,3,1,2015
28038,3,Muy bajo,5,3,2016
28039,1.5,Alto,2,1,2017
28040,2,Bajo,4,2,2018
28041,3,Muy bajo,5,3,2019
28042,1,Alto,2,1,2020
28043,1.5,Bajo,4,1,2021
29001,1.5,Muy bajo,5,1,2022
29002,1.5,Muy bajo,5,1,2023
29003,1,Medio,3,1,2024
29004,1.5,Medio,3,1,2025
29005,2,Muy bajo,5,2,2026
29006,2,Muy bajo,5,2,2027
29007,1.5,Medio,3,1,2028
29008,1.5,Bajo,4,1,2029
29009,1.5,Bajo,4,1,2030
29010,2,Muy bajo,5,2,2031
29011,1,Bajo,4,1,2032
29012,1,Medio,3,1,2033
29013,2,Bajo,4,2,2034
29014,1.5,Bajo,4,1,2035
29015,1.5,Bajo,4,1,2036
29016,1.5,Bajo,4,1,2037
29017,1.5,Bajo,4,1,2038
29018,2,Bajo,4,2,2039
29019,1.5,Bajo,4,1,2040
29020,1.5,Bajo,4,1,2041
29021,1.5,Bajo,4,1,2042
29022,1,Bajo,4,1,2043
29023,1.5,Bajo,4,1,2044
29024,1.5,Muy bajo,5,1,2045
29025,2,Bajo,4,2,2046
29026,1.5,Bajo,4,1,2047
29027,1.5,Bajo,4,1,2048
29028,2,Bajo,4,2,2049
29029,1.5,Bajo,4,1,2050
29030,1.5,Medio,3,1,2051
29031,2,Muy bajo,5,2,2052
29032,1.5,Bajo,4,1,2053
29033,2,Muy bajo,5,2,2054
29034,1.5,Medio,3,1,2055
29035,1.5,Muy bajo,5,1,2056
29036,1.5,Muy bajo,5,1,2057
29037,1.5,Medio,3,1,2058
29038,1.5,Muy bajo,5,1,2059
29039,1.5,Bajo,4,1,2060
29040,1.5,Medio,3,1,2061
29041,2,Muy bajo,5,2,2062
29042,2,Muy bajo,5,2,2063
29043,1.5,Muy bajo,5,1,2064
29044,2,Muy bajo,5,2,2065
29045,1.5,Bajo,4,1,2066
29046,1.5,Medio,3,1,2067
29047,1,Medio,3,1,2068
29048,3,Muy bajo,5,3,2069
29049,1.5,Muy bajo,5,1,2070
29050,1.5,Bajo,4,1,2071
29051,1.5,Bajo,4,1,2072
29052,1.5,Bajo,4,1,2073
29053,1.5,Muy bajo,5,1,2074
29054,2,Muy bajo,5,2,2075
29055,1.5,Bajo,4,1,2076
29056,1.5,Bajo,4,1,2077
29057,1.5,Bajo,4,1,2078
29058,2,Bajo,4,2,2079
29059,1.5,Bajo,4,1,2080
29060,2,Bajo,4,2,2081
30001,1,Alto,2,1,2082
30002,1.5,Medio,3,1,2083
30003,2,Medio,3,2,2084
30004,1.5,Medio,3,1,2085
30005,1.5,Alto,2,1,2086
30006,1.5,Alto,2,1,2087
30007,1,Alto,2,1,2088
30008,1,Alto,2,1,2089
30009,1.5,Medio,3,1,2090
30010,2,Alto,2,2,2091
30011,2,Bajo,4,2,2092
30012,1,Alto,2,1,2093
30013,2,Bajo,4,2,2094
30014,1.5,Medio,3,1,2095
30015,1.5,Medio,3,1,2096
30016,2,Muy bajo,5,2,2097
30017,1,Medio,3,1,2098
30018,1,Muy alto,1,1,2099
30019,1,Muy alto,1,1,2100
30020,1,Muy alto,1,1,2101
30021,1.5,Medio,3,1,2102
30022,1.5,Alto,2,1,2103
30023,1.5,Alto,2,1,2104
30024,1.5,Alto,2,1,2105
30025,1.5,Muy alto,1,1,2106
30026,2,Medio,3,2,2107
30027,1,Alto,2,1,2108
30028,2,Muy bajo,5,2,2109
30029,1,Muy alto,1,1,2110
30030,2,Medio,3,2,2111
30031,1,Alto,2,1,2112
30032,2,Alto,2,2,2113
30033,1.5,Alto,2,1,2114
30034,2,Bajo,4,2,2115
30035,1.5,Alto,2,1,2116
30036,1.5,Alto,2,1,2117
30037,1.5,Muy alto,1,1,2118
30038,2,Bajo,4,2,2119
30039,2.5,Muy bajo,5,2,2120
30040,2,Bajo,4,2,2121
30041,1,Alto,2,1,2122
30042,1,Medio,3,1,2123
30043,1.5,Alto,2,1,2124
30044,2,Bajo,4,2,2125
30045,2,Bajo,4,2,2126
30046,1.5,Alto,2,1,2127
30047,2,Alto,2,2,2128
30048,2,Bajo,4,2,2129
30049,1,Alto,2,1,2130
30050,1.5,Muy alto,1,1,2131
30051,1.5,Alto,2,1,2132
30052,1.5,Medio,3,1,2133
30053,1.5,Medio,3,1,2134
30054,1.5,Alto,2,1,2135
30055,1.5,Alto,2,1,2136
30056,1,Muy alto,1,1,2137
30057,1.5,Alto,2,1,2138
30058,1.5,Muy alto,1,1,2139
30059,1.5,Medio,3,1,2140
30060,1.5,Alto,2,1,2141
30061,2,Alto,2,2,2142
30062,1.5,Alto,2,1,2143
30063,1,Muy alto,1,1,2144
30064,1,Muy alto,1,1,2145
30065,1.5,Bajo,4,1,2146
30066,1.5,Alto,2,1,2147
30067,1.5,Muy alto,1,1,2148
30068,2,Bajo,4,2,2149
30069,1.5,Medio,3,1,2150
30070,1.5,Muy alto,1,1,2151
30071,2,Medio,3,2,2152
30072,1.5,Alto,2,1,2153
30073,1.5,Alto,2,1,2154
30074,1.5,Bajo,4,1,2155
30075,1.5,Alto,2,1,2156
30076,1,Muy alto,1,1,2157
30077,2,Medio,3,2,2158
30078,1.5,Alto,2,1,2159
30079,1.5,Alto,2,1,2160
30080,1.5,Alto,2,1,2161
30081,1.5,Medio,3,1,2162
30082,1.5,Bajo,4,1,2163
30083,1.5,Muy alto,1,1,2164
30084,1,Alto,2,1,2165
30085,2,Bajo,4,2,2166
30086,1.5,Alto,2,1,2167
30087,2,Muy bajo,5,2,2168
30088,1.5,Alto,2,1,2169
30089,2,Medio,3,2,2170
30090,1.5,Medio,3,1,2171
30091,1.5,Alto,2,1,2172
30092,2,Medio,3,2,2173
30093,1.5,Medio,3,1,2174
30094,1.5,Alto,2,1,2175
30095,1.5,Alto,2,1,2176
30096,1,Medio,3,1,2177
30097,2,Muy bajo,5,2,2178
30098,1,Alto,2,1,2179
30099,1.5,Alto,2,1,2180
30100,1.5,Medio,3,1,2181
30101,1.5,Medio,3,1,2182
30102,2.5,Medio,3,2,2183
30103,1.5,Muy alto,1,1,2184
30104,1.5,Muy alto,1,1,2185
30105,1.5,Bajo,4,1,2186
30106,1.5,Alto,2,1,2187
30107,1,Alto,2,1,2188
30108,2,Bajo,4,2,2189
30109,2,Medio,3,2,2190
30110,1,Muy alto,1,1,2191
30111,1.5,Medio,3,1,2192
30112,1.5,Medio,3,1,2193
30113,1,Alto,2,1,2194
30114,1.5,Medio,3,1,2195
30115,2,Bajo,4,2,2196
30116,1.5,Medio,3,1,2197
30117,1.5,Alto,2,1,2198
30118,3,Muy bajo,5,3,2199
30119,1.5,Alto,2,1,2200
30120,1.5,Medio,3,1,2201
30121,1.5,Alto,2,1,2202
30122,1.5,Alto,2,1,2203
30123,2,Medio,3,2,2204
30124,2,Alto,2,2,2205
30125,1.5,Medio,3,1,2206
30126,1.5,Bajo,4,1,2207
30127,1.5,Muy alto,1,1,2208
30128,2,Medio,3,2,2209
30129,1.5,Alto,2,1,2210
30130,1.5,Alto,2,1,2211
30131,2,Muy bajo,5,2,2212
30132,1.5,Alto,2,1,2213
30133,1.5,Bajo,4,1,2214
30134,1.5,Bajo,4,1,2215
30135,1.5,Alto,2,1,2216
30136,1.5,Medio,3,1,2217
30137,1,Muy alto,1,1,2218
30138,2,Muy bajo,5,2,2219
30139,1.5,Medio,3,1,2220
30140,1,Alto,2,1,2221
30141,2,Alto,2,2,2222
30142,1.5,Alto,2,1,2223
30143,2,Alto,2,2,2224
30144,1.5,Alto,2,1,2225
30145,1.5,Medio,3,1,2226
30146,1,Alto,2,1,2227
30147,1.5,Muy alto,1,1,2228
30148,1.5,Medio,3,1,2229
30149,1.5,Muy alto,1,1,2230
30150,1.5,Alto,2,1,2231
30151,1.5,Alto,2,1,2232
30152,1.5,Alto,2,1,2233
30153,1,Alto,2,1,2234
30154,1,Alto,2,1,2235
30155,2,Alto,2,2,2236
30156,1,Alto,2,1,2237
30157,1.5,Alto,2,1,2238
30158,1.5,Alto,2,1,2239
30159,1,Muy alto,1,1,2240
30160,2,Alto,2,2,2241
30161,1.5,Alto,2,1,2242
30162,1,Alto,2,1,2243
30163,1,Alto,2,1,2244
30164,1.5,Medio,3,1,2245
30165,1,Muy alto,1,1,2246
30166,1,Alto,2,1,2247
30167,1.5,Alto,2,1,2248
30168,1.5,Muy alto,1,1,2249
30169,1.5,Alto,2,1,2250
30170,1,Muy alto,1,1,2251
30171,1,Muy alto,1,1,2252
30172,1.5,Alto,2,1,2253
30173,1.5,Alto,2,1,2254
30174,2,Bajo,4,2,2255
30175,1.5,Alto,2,1,2256
30176,1.5,Alto,2,1,2257
30177,1,Alto,2,1,2258
30178,1.5,Medio,3,1,2259
30179,1,Medio,3,1,2260
30180,1,Alto,2,1,2261
30181,1.5,Medio,3,1,2262
30182,1.5,Medio,3,1,2263
30183,2,Medio,3,2,2264
30184,1,Muy alto,1,1,2265
30185,1.5,Alto,2,1,2266
30186,1.5,Medio,3,1,2267
30187,1,Alto,2,1,2268
30188,1.5,Alto,2,1,2269
30189,2.5,Bajo,4,2,2270
30190,1,Medio,3,1,2271
30191,1.5,Bajo,4,1,2272
30192,1.5,Medio,3,1,2273
30193,2.5,Muy bajo,5,2,2274
30194,1.5,Alto,2,1,2275
30195,1,Muy alto,1,1,2276
30196,1.5,Medio,3,1,2277
30197,1.5,Alto,2,1,2278
30198,1,Muy alto,1,1,2279
30199,1.5,Medio,3,1,2280
30200,1,Alto,2,1,2281
30201,1.5,Muy alto,1,1,2282
30202,1,Muy alto,1,1,2283
30203,1.5,Muy alto,1,1,2284
30204,2,Bajo,4,2,2285
30205,1.5,Medio,3,1,2286
30206,2,Muy bajo,5,2,2287
30207,2,Medio,3,2,2288
30208,2,Bajo,4,2,2289
30209,1.5,Alto,2,1,2290
30210,1.5,Alto,2,1,2291
30211,1.5,Medio,3,1,2292
30212,1.5,Alto,2,1,2293
31001,1,Alto,2,1,2294
31002,1.5,Medio,3,1,2295
31003,1.5,Alto,2,1,2296
31004,1.5,Medio,3,1,2297
31005,1,Medio,3,1,2298
31006,1.5,Medio,3,1,2299
31007,1.5,Medio,3,1,2300
31008,1.5,Medio,3,1,2301
31009,1.5,Alto,2,1,2302
31010,1,Muy alto,1,1,2303
31011,1.5,Medio,3,1,2304
31012,1.5,Alto,2,1,2305
31013,1.5,Bajo,4,1,2306
31014,1,Alto,2,1,2307
31015,1.5,Alto,2,1,2308
31016,1.5,Alto,2,1,2309
31017,1,Alto,2,1,2310
31018,1,Alto,2,1,2311
31019,1.5,Muy alto,1,1,2312
31020,1.5,Medio,3,1,2313
31021,1.5,Alto,2,1,2314
31022,1.5,Muy alto,1,1,2315
31023,1.5,Medio,3,1,2316
31024,1.5,Alto,2,1,2317
31025,1.5,Alto,2,1,2318
31026,1.5,Medio,3,1,2319
31027,1.5,Bajo,4,1,2320
31028,1,Medio,3,1,2321
31029,1.5,Medio,3,1,2322
31030,1.5,Alto,2,1,2323
31031,1,Medio,3,1,2324
31032,1.5,Alto,2,1,2325
31033,1.5,Alto,2,1,2326
31034,1.5,Alto,2,1,2327
31035,1.5,Alto,2,1,2328
31036,1.5,Alto,2,1,2329
31037,1.5,Alto,2,1,2330
31038,2,Medio,3,2,2331
31039,1.5,Medio,3,1,2332
31040,2,Medio,3,2,2333
31041,2.5,Bajo,4,2,2334
31042,1.5,Medio,3,1,2335
31043,1,Alto,2,1,2336
31044,1.5,Alto,2,1,2337
31045,1,Alto,2,1,2338
31046,1.5,Alto,2,1,2339
31047,1.5,Alto,2,1,2340
31048,1.5,Alto,2,1,2341
31049,1.5,Muy alto,1,1,2342
31050,2,Muy bajo,5,2,2343
31051,1,Medio,3,1,2344
31052,2,Medio,3,2,2345
31053,1.5,Medio,3,1,2346
31054,1,Medio,3,1,2347
31055,1.5,Alto,2,1,2348
31056,2,Alto,2,2,2349
31057,1.5,Medio,3,1,2350
31058,2,Alto,2,2,2351
31059,2,Bajo,4,2,2352
31060,1,Alto,2,1,2353
31061,1,Medio,3,1,2354
31062,1.5,Alto,2,1,2355
31063,1.5,Alto,2,1,2356
31064,1,Alto,2,1,2357
31065,1,Medio,3,1,2358
31066,1.5,Alto,2,1,2359
31067,1.5,Medio,3,1,2360
31068,1.5,Medio,3,1,2361
31069,1.5,Alto,2,1,2362
31070,1.5,Medio,3,1,2363
31071,1,Alto,2,1,2364
31072,1,Alto,2,1,2365
31073,1.5,Alto,2,1,2366
31074,1.5,Alto,2,1,2367
31075,1.5,Alto,2,1,2368
31076,1.5,Alto,2,1,2369
31077,1.5,Alto,2,1,2370
31078,1.5,Alto,2,1,2371
31079,2,Medio,3,2,2372
31080,1.5,Alto,2,1,2373
31081,1.5,Alto,2,1,2374
31082,1.5,Medio,3,1,2375
31083,1,Medio,3,1,2376
31084,1.5,Alto,2,1,2377
31085,1.5,Alto,2,1,2378
31086,1,Alto,2,1,2379
31087,1.5,Alto,2,1,2380
31088,1,Alto,2,1,2381
31089,2,Medio,3,2,2382
31090,1.5,Alto,2,1,2383
31091,1.5,Alto,2,1,2384
31092,1.5,Muy alto,1,1,2385
31093,1.5,Bajo,4,1,2386
31094,1,Alto,2,1,2387
31095,1.5,Medio,3,1,2388
31096,2,Alto,2,2,2389
31097,1.5,Alto,2,1,2390
31098,1.5,Alto,2,1,2391
31099,1.5,Alto,2,1,2392
31100,1.5,Alto,2,1,2393
31101,2,Bajo,4,2,2394
31102,2,Alto,2,2,2395
31103,1.5,Alto,2,1,2396
31104,1.5,Alto,2,1,2397
31105,1.5,Medio,3,1,2398
31106,1,Alto,2,1,2399
32001,1.5,Medio,3,1,2400
32002,1,Alto,2,1,2401
32003,1,Medio,3,1,2402
32004,1.5,Medio,3,1,2403
32005,2,Muy bajo,5,2,2404
32006,1.5,Medio,3,1,2405
32007,1.5,Bajo,4,1,2406
32008,1.5,Bajo,4,1,2407
32009,1.5,Medio,3,1,2408
32010,2,Bajo,4,2,2409
32011,1,Bajo,4,1,2410
32012,1,Medio,3,1,2411
32013,1.5,Bajo,4,1,2412
32014,1.5,Medio,3,1,2413
32015,1,Alto,2,1,2414
32016,1.5,Medio,3,1,2415
32017,2,Muy bajo,5,2,2416
32018,1,Medio,3,1,2417
32019,1.5,Bajo,4,1,2418
32020,2,Muy bajo,5,2,2419
32021,1,Alto,2,1,2420
32022,2,Bajo,4,2,2421
32023,1.5,Bajo,4,1,2422
32024,2,Bajo,4,2,2423
32025,1.5,Bajo,4,1,2424
32026,1,Alto,2,1,2425
32027,1,Alto,2,1,2426
32028,1,Alto,2,1,2427
32029,1.5,Bajo,4,1,2428
32030,1,Bajo,4,1,2429
32031,1.5,Medio,3,1,2430
32032,1.5,Muy bajo,5,1,2431
32033,1,Bajo,4,1,2432
32034,2,Bajo,4,2,2433
32035,1,Medio,3,1,2434
32036,2,Bajo,4,2,2435
32037,1.5,Medio,3,1,2436
32038,1.5,Medio,3,1,2437
32039,2,Bajo,4,2,2438
32040,1.5,Medio,3,1,2439
32041,1,Medio,3,1,2440
32042,2,Medio,3,2,2441
32043,1,Medio,3,1,2442
32044,1.5,Medio,3,1,2443
32045,1.5,Medio,3,1,2444
32046,1,Medio,3,1,2445
32047,1.5,Medio,3,1,2446
32048,2,Bajo,4,2,2447
32049,1.5,Medio,3,1,2448
32050,1.5,Bajo,4,1,2449
32051,1.5,Medio,3,1,2450
32052,1.5,Bajo,4,1,2451
32053,1.5,Bajo,4,1,2452
32054,1.5,Medio,3,1,2453
32055,1.5,Bajo,4,1,2454
32056,3,Muy bajo,5,3,2455
32057,1.5,Bajo,4,1,2456
32058,1,Medio,3,1,2457
